dataset_name,model,feature_family,feature_set,text_feature_column,uses_commit_text,artifact_schema_version,artifact_stage,artifact_created_at,artifact_group_key,artifact_id,source_results_table,baseline_source_file,baseline_random_seed,baseline_test_size,baseline_configured_models,baseline_configured_metrics,baseline_num_train_rows,baseline_num_val_rows,baseline_num_test_rows,baseline_num_features,baseline_selected_metrics,baseline_missing_metrics,baseline_dropped_all_nan_metrics,baseline_decision_threshold,baseline_threshold_precision_floor,baseline_threshold_constraint_met,baseline_threshold_selection_metric,baseline_threshold_selection_strategy,baseline_threshold_val_precision,baseline_threshold_val_recall,baseline_threshold_val_f1,baseline_threshold_val_auc,baseline_selection_data_source,baseline_test_metrics_report_only,baseline_train_accuracy,baseline_train_precision,baseline_train_recall,baseline_train_f1,baseline_train_auc,baseline_val_accuracy,baseline_val_precision,baseline_val_recall,baseline_val_f1,baseline_val_auc,baseline_accuracy,baseline_precision,baseline_recall,baseline_f1,baseline_auc,baseline_gap_train_test_accuracy,baseline_gap_train_test_precision,baseline_gap_train_test_recall,baseline_gap_train_test_f1,baseline_gap_train_test_auc,baseline_gap_train_val_accuracy,baseline_gap_train_val_precision,baseline_gap_train_val_recall,baseline_gap_train_val_f1,baseline_gap_train_val_auc,baseline_model_path,baseline_metrics_num_features,baseline_tfidf_num_features,baseline_tfidf_vocabulary_size,baseline_has_commit_text,baseline_threshold_strategy_requested,baseline_split_manifest_path,baseline_split_manifest_hash,baseline_split_mode,baseline_val_size,baseline_use_saved_splits,baseline_feature_mode,baseline_rank_within_dataset,tuned_source_file,tuned_random_seed,tuned_num_train_rows,tuned_num_val_rows,tuned_num_test_rows,tuned_num_features,tuned_train_num_clean,tuned_train_num_defective,tuned_test_num_clean,tuned_test_num_defective,tuned_selected_metrics,tuned_missing_metrics,tuned_dropped_all_nan_metrics,tuned_decision_threshold,tuned_threshold_precision_floor,tuned_threshold_constraint_met,tuned_threshold_selection_metric,tuned_threshold_selection_strategy,tuned_threshold_val_precision,tuned_threshold_val_recall,tuned_threshold_val_f1,tuned_threshold_val_auc,tuned_cv_folds,tuned_cv_mean_precision,tuned_cv_std_precision,tuned_cv_mean_recall,tuned_cv_std_recall,tuned_cv_mean_f1,tuned_cv_std_f1,tuned_cv_mean_auc,tuned_cv_std_auc,tuned_selection_data_source,tuned_test_metrics_report_only,tuned_train_accuracy,tuned_train_precision,tuned_train_recall,tuned_train_f1,tuned_train_auc,tuned_val_accuracy,tuned_val_precision,tuned_val_recall,tuned_val_f1,tuned_val_auc,tuned_accuracy,tuned_precision,tuned_recall,tuned_f1,tuned_auc,tuned_gap_train_test_accuracy,tuned_gap_train_test_precision,tuned_gap_train_test_recall,tuned_gap_train_test_f1,tuned_gap_train_test_auc,tuned_gap_train_val_accuracy,tuned_gap_train_val_precision,tuned_gap_train_val_recall,tuned_gap_train_val_f1,tuned_gap_train_val_auc,tuned_model_path,tuned_candidate_index,tuned_split_mode,tuned_split_manifest_path,tuned_val_num_clean,tuned_val_num_defective,tuned_params_json,tuned_threshold_strategy_requested,tuned_selection_strategy,tuned_selection_metric,delta_recall,delta_f1,delta_auc,delta_precision,delta_accuracy,comparison_schema_version,comparison_mode
cm1,lgbm,metrics_only,metrics_only,,False,paper-v1,tuned_best_table,2026-06-27T05:31:34,cm1::lgbm,cm1::lgbm::tuned_best_table,C:\Users\Dam Hieu\Desktop\CNDM - VIẾT BÁO + KLTN\prototype\results\tables\results_table.csv,,,,,,,,,,,,,,,,,,,,,,,,,,,,,,,,,,,,,,,,,,,,,,,,,,,,,,,,,,,,,,C:\Users\Dam Hieu\Desktop\CNDM - VIẾT BÁO + KLTN\prototype\data\processed\cm1_clean.parquet,42.0,348.0,49.0,101.0,5.0,314.0,34.0,91.0,10.0,"loc,v(g),ev(g),iv(g),branchCount",,,0.0710983273386911,0.3,False,val_f1,fallback_max_f1_precision_floor_unmet,0.1282051282051282,1.0,0.2272727272727272,0.4340909090909091,5.0,0.2499758960067515,0.0725406151063348,0.7714285714285715,0.2649605284427344,0.3710002278423331,0.1010117982898851,0.8351998146929022,0.0932275767686693,validation_threshold,True,0.3390804597701149,0.1287878787878787,1.0,0.2281879194630872,0.9165417759460472,0.3061224489795918,0.1282051282051282,1.0,0.2272727272727272,0.4340909090909091,0.3168316831683168,0.1066666666666666,0.8,0.188235294117647,0.610989010989011,0.022248776601798,0.0221212121212121,0.1999999999999999,0.0399526253454401,0.3055527649570362,0.032958010790523,0.0005827505827505,0.0,0.0009151921903599,0.4824508668551381,C:\Users\Dam Hieu\Desktop\CNDM - VIẾT BÁO + KLTN\prototype\models\metrics_tuned\cm1\lgbm_candidate3.joblib,3.0,saved_split,C:\Users\Dam Hieu\Desktop\CNDM - VIẾT BÁO + KLTN\prototype\data\splits\cm1\manifest.json,44.0,5.0,"{""colsample_bytree"": 0.7, ""learning_rate"": 0.03, ""max_depth"": 4, ""min_child_samples"": 30, ""n_estimators"": 180, ""num_leaves"": 11, ""reg_lambda"": 6.0, ""subsample"": 0.7}",recall_with_precision_floor,best_validation_threshold_candidate_cv_tiebreak,val_recall_then_val_f1_precision_floor_0.30,,,,,,paper-v1,frozen_baseline_vs_tuned
cm1,rf,metrics_only,metrics_only,,False,paper-v1,training,,cm1::rf,cm1::rf::training,C:\Users\Dam Hieu\Desktop\CNDM - VIẾT BÁO + KLTN\prototype\results\tables\results_table.csv,C:\Users\Dam Hieu\Desktop\CNDM - VIẾT BÁO + KLTN\prototype\data\processed\experiments\cm1_experiment.parquet,42.0,0.2,"rf,xgb,lgbm","loc,v(g),ev(g),iv(g),branchCount",348.0,49.0,101.0,5.0,"loc,v(g),ev(g),iv(g),branchCount",,,0.6625548407953382,0.3,True,val_recall,max_recall_with_precision_floor,0.3333333333333333,0.2,0.25,0.4818181818181818,validation,True,0.9511494252873564,0.7741935483870968,0.7058823529411765,0.7384615384615385,0.9690427126264518,0.8571428571428571,0.0,0.0,0.0,0.4818181818181818,0.8811881188118812,0.3333333333333333,0.2,0.25,0.6027472527472528,0.0699613064754751,0.4408602150537634,0.5058823529411764,0.4884615384615385,0.366295459879199,0.0940065681444992,0.7741935483870968,0.7058823529411765,0.7384615384615385,0.48722453080827,C:\Users\Dam Hieu\Desktop\CNDM - VIẾT BÁO + KLTN\prototype\models\metrics\rf_cm1.joblib,5.0,0.0,0.0,False,recall_with_precision_floor,C:\Users\Dam Hieu\Desktop\CNDM - VIẾT BÁO + KLTN\prototype\data\splits\cm1\manifest.json,e68a9110296eb4539f08ed7aaad9c2827203d3bb0376b9d3af3b4ea57d98486e,saved_split,0.1,True,metrics_only,1.0,,,,,,,,,,,,,,,,,,,,,,,,,,,,,,,,,,,,,,,,,,,,,,,,,,,,,,,,,,,,,,,,,,,,,,,,,,paper-v1,frozen_baseline_vs_tuned
cm1,rf,metrics_only,metrics_only,,False,paper-v1,tuned_best_table,2026-06-27T05:31:34,cm1::rf,cm1::rf::tuned_best_table,C:\Users\Dam Hieu\Desktop\CNDM - VIẾT BÁO + KLTN\prototype\results\tables\results_table.csv,,,,,,,,,,,,,,,,,,,,,,,,,,,,,,,,,,,,,,,,,,,,,,,,,,,,,,,,,,,,,,C:\Users\Dam Hieu\Desktop\CNDM - VIẾT BÁO + KLTN\prototype\data\processed\cm1_clean.parquet,42.0,348.0,49.0,101.0,5.0,314.0,34.0,91.0,10.0,"loc,v(g),ev(g),iv(g),branchCount",,,0.6723309067105504,0.3,True,val_recall,max_recall_with_precision_floor,0.3333333333333333,0.2,0.25,0.525,5.0,0.3135854341736694,0.1365775316557412,0.5619047619047619,0.1487666604934601,0.3886420596946913,0.115417435155356,0.8178601906712506,0.0790709927884579,validation_threshold,True,0.9396551724137931,0.7241379310344828,0.6176470588235294,0.6666666666666666,0.9531659797677032,0.8775510204081632,0.3333333333333333,0.2,0.25,0.525,0.8712871287128713,0.2857142857142857,0.2,0.2352941176470588,0.5873626373626373,0.0683680437009218,0.438423645320197,0.4176470588235294,0.4313725490196078,0.3658033424050659,0.0621041520056299,0.3908045977011494,0.4176470588235294,0.4166666666666666,0.4281659797677032,C:\Users\Dam Hieu\Desktop\CNDM - VIẾT BÁO + KLTN\prototype\models\metrics_tuned\cm1\rf_candidate3.joblib,3.0,saved_split,C:\Users\Dam Hieu\Desktop\CNDM - VIẾT BÁO + KLTN\prototype\data\splits\cm1\manifest.json,44.0,5.0,"{""max_depth"": 6, ""max_features"": ""log2"", ""min_samples_leaf"": 5, ""min_samples_split"": 10, ""n_estimators"": 250}",recall_with_precision_floor,best_validation_threshold_candidate_cv_tiebreak,val_recall_then_val_f1_precision_floor_0.30,,,,,,paper-v1,frozen_baseline_vs_tuned
cm1,xgb,metrics_only,metrics_only,,False,paper-v1,tuned_best_table,2026-06-27T05:31:34,cm1::xgb,cm1::xgb::tuned_best_table,C:\Users\Dam Hieu\Desktop\CNDM - VIẾT BÁO + KLTN\prototype\results\tables\results_table.csv,,,,,,,,,,,,,,,,,,,,,,,,,,,,,,,,,,,,,,,,,,,,,,,,,,,,,,,,,,,,,,C:\Users\Dam Hieu\Desktop\CNDM - VIẾT BÁO + KLTN\prototype\data\processed\cm1_clean.parquet,42.0,348.0,49.0,101.0,5.0,314.0,34.0,91.0,10.0,"loc,v(g),ev(g),iv(g),branchCount",,,0.75566166639328,0.3,True,val_recall,max_recall_with_precision_floor,0.5,0.2,0.2857142857142857,0.425,5.0,0.2593650793650793,0.0704919187368725,0.7428571428571429,0.2618614682831908,0.3778978978978979,0.099705069075114,0.8265111062346084,0.0802636873178742,validation_threshold,True,0.9281609195402298,0.6956521739130435,0.4705882352941176,0.5614035087719298,0.9134507306107156,0.8979591836734694,0.5,0.2,0.2857142857142857,0.425,0.8910891089108911,0.4,0.2,0.2666666666666666,0.6082417582417583,0.0370718106293387,0.2956521739130434,0.2705882352941176,0.2947368421052631,0.3052089723689573,0.0302017358667604,0.1956521739130434,0.2705882352941176,0.2756892230576441,0.4884507306107155,C:\Users\Dam Hieu\Desktop\CNDM - VIẾT BÁO + KLTN\prototype\models\metrics_tuned\cm1\xgb_candidate2.joblib,2.0,saved_split,C:\Users\Dam Hieu\Desktop\CNDM - VIẾT BÁO + KLTN\prototype\data\splits\cm1\manifest.json,44.0,5.0,"{""colsample_bytree"": 0.75, ""learning_rate"": 0.04, ""max_depth"": 2, ""min_child_weight"": 6, ""n_estimators"": 150, ""reg_lambda"": 5.0, ""subsample"": 0.75}",recall_with_precision_floor,best_validation_threshold_candidate_cv_tiebreak,val_recall_then_val_f1_precision_floor_0.30,,,,,,paper-v1,frozen_baseline_vs_tuned
jitfine,lgbm,metrics_only,metrics_only,,False,paper-v1,tuned_best_table,2026-06-27T05:31:34,jitfine::lgbm,jitfine::lgbm::tuned_best_table,C:\Users\Dam Hieu\Desktop\CNDM - VIẾT BÁO + KLTN\prototype\results\tables\results_table.csv,,,,,,,,,,,,,,,,,,,,,,,,,,,,,,,,,,,,,,,,,,,,,,,,,,,,,,,,,,,,,,C:\Users\Dam Hieu\Desktop\CNDM - VIẾT BÁO + KLTN\prototype\data\processed\jitfine_clean.parquet,42.0,16374.0,5465.0,5480.0,13.0,14984.0,1390.0,5005.0,475.0,"la,ld,nf,ns,nd,entropy,ndev,lt,nuc,age,exp,rexp,sexp",,,0.596460055379883,0.3,True,val_recall,max_recall_with_precision_floor,0.3052959501557632,0.4197002141327623,0.3534715960324617,0.7578693147494543,5.0,0.2066610522825505,0.0068192546560245,0.7050359712230214,0.0289562759676231,0.3195304491787898,0.0096556322697501,0.7915812661136962,0.0107168006600977,validation_threshold,True,0.8221570782948577,0.2689738919247116,0.637410071942446,0.3783091374893254,0.8304338296581102,0.8688014638609333,0.3052959501557632,0.4197002141327623,0.3534715960324617,0.7578693147494543,0.8259124087591241,0.2068543451652386,0.3557894736842105,0.261609907120743,0.6850353856669645,-0.0037553304642663,0.0621195467594729,0.2816205982582355,0.1166992303685823,0.1453984439911456,-0.0466443855660755,-0.0363220582310516,0.2177098578096837,0.0248375414568636,0.0725645149086559,C:\Users\Dam Hieu\Desktop\CNDM - VIẾT BÁO + KLTN\prototype\models\metrics_tuned\jitfine\lgbm_candidate1.joblib,1.0,jitline_native_split,C:\Users\Dam Hieu\Desktop\CNDM - VIẾT BÁO + KLTN\prototype\data\splits\jitfine\manifest.json,4998.0,467.0,"{""colsample_bytree"": 0.8, ""learning_rate"": 0.05, ""max_depth"": 3, ""min_child_samples"": 20, ""n_estimators"": 200, ""num_leaves"": 7, ""reg_lambda"": 2.0, ""subsample"": 0.8}",recall_with_precision_floor,best_validation_threshold_candidate_cv_tiebreak,val_recall_then_val_f1_precision_floor_0.30,,,,,,paper-v1,frozen_baseline_vs_tuned
jitfine,rf,metrics_only,metrics_only,,False,paper-v1,training,,jitfine::rf,jitfine::rf::training,C:\Users\Dam Hieu\Desktop\CNDM - VIẾT BÁO + KLTN\prototype\results\tables\results_table.csv,C:\Users\Dam Hieu\Desktop\CNDM - VIẾT BÁO + KLTN\prototype\data\processed\jitfine_clean.parquet,42.0,0.2,"rf,xgb,lgbm","la,ld,nf,ns,nd,entropy,ndev,lt,nuc,age,exp,rexp,sexp",16374.0,5465.0,5480.0,13.0,"la,ld,nf,ns,nd,entropy,ndev,lt,nuc,age,exp,rexp,sexp",,,0.536900589669828,0.3,True,val_recall,max_recall_with_precision_floor,0.3001464128843338,0.4389721627408993,0.3565217391304348,0.7790975062401834,validation,True,0.8156834005130085,0.2764964305326743,0.7244604316546762,0.4002384737678855,0.8792111585691403,0.8645928636779506,0.3001464128843338,0.4389721627408993,0.3565217391304348,0.7790975062401834,0.8354014598540146,0.2187088274044795,0.3494736842105263,0.2690437601296596,0.6939182922340815,-0.0197180593410061,0.0577876031281947,0.3749867474441499,0.1311947136382258,0.1852928663350588,-0.0489094631649421,-0.0236499823516594,0.2854882689137769,0.0437167346374507,0.1001136523289569,C:\Users\Dam Hieu\Desktop\CNDM - VIẾT BÁO + KLTN\prototype\models\metrics\rf_jitfine.joblib,13.0,0.0,0.0,False,recall_with_precision_floor,.,,jitline_native_split,0.1,False,metrics_only,1.0,,,,,,,,,,,,,,,,,,,,,,,,,,,,,,,,,,,,,,,,,,,,,,,,,,,,,,,,,,,,,,,,,,,,,,,,,,paper-v1,frozen_baseline_vs_tuned
jitfine,rf,metrics_only,metrics_only,,False,paper-v1,tuned_best_table,2026-06-27T05:31:34,jitfine::rf,jitfine::rf::tuned_best_table,C:\Users\Dam Hieu\Desktop\CNDM - VIẾT BÁO + KLTN\prototype\results\tables\results_table.csv,,,,,,,,,,,,,,,,,,,,,,,,,,,,,,,,,,,,,,,,,,,,,,,,,,,,,,,,,,,,,,C:\Users\Dam Hieu\Desktop\CNDM - VIẾT BÁO + KLTN\prototype\data\processed\jitfine_clean.parquet,42.0,16374.0,5465.0,5480.0,13.0,14984.0,1390.0,5005.0,475.0,"la,ld,nf,ns,nd,entropy,ndev,lt,nuc,age,exp,rexp,sexp",,,0.5779274800843901,0.3,True,val_recall,max_recall_with_precision_floor,0.3061516452074392,0.4582441113490364,0.3670668953687822,0.7881572329145792,5.0,0.1990159924655638,0.0075456859972644,0.6827338129496402,0.0410387358185659,0.3080452522037572,0.0117580677330803,0.7790115404839513,0.0116884035591885,validation_threshold,True,0.8110418956882863,0.2560137457044673,0.6431654676258993,0.3662433428922573,0.8283052042082297,0.8649588289112534,0.3061516452074392,0.4582441113490364,0.3670668953687822,0.7881572329145792,0.8217153284671533,0.2053990610328638,0.3684210526315789,0.2637528259231348,0.7012557968347441,-0.010673432778867,0.0506146846716034,0.2747444149943204,0.1024905169691224,0.1270494073734855,-0.053916933222967,-0.0501378995029718,0.1849213562768629,-0.0008235524765248,0.0401479712936505,C:\Users\Dam Hieu\Desktop\CNDM - VIẾT BÁO + KLTN\prototype\models\metrics_tuned\jitfine\rf_candidate1.joblib,1.0,jitline_native_split,C:\Users\Dam Hieu\Desktop\CNDM - VIẾT BÁO + KLTN\prototype\data\splits\jitfine\manifest.json,4998.0,467.0,"{""max_depth"": 6, ""max_features"": ""sqrt"", ""min_samples_leaf"": 4, ""min_samples_split"": 8, ""n_estimators"": 250}",recall_with_precision_floor,best_validation_threshold_candidate_cv_tiebreak,val_recall_then_val_f1_precision_floor_0.30,,,,,,paper-v1,frozen_baseline_vs_tuned
jitfine,xgb,metrics_only,metrics_only,,False,paper-v1,tuned_best_table,2026-06-27T05:31:34,jitfine::xgb,jitfine::xgb::tuned_best_table,C:\Users\Dam Hieu\Desktop\CNDM - VIẾT BÁO + KLTN\prototype\results\tables\results_table.csv,,,,,,,,,,,,,,,,,,,,,,,,,,,,,,,,,,,,,,,,,,,,,,,,,,,,,,,,,,,,,,C:\Users\Dam Hieu\Desktop\CNDM - VIẾT BÁO + KLTN\prototype\data\processed\jitfine_clean.parquet,42.0,16374.0,5465.0,5480.0,13.0,14984.0,1390.0,5005.0,475.0,"la,ld,nf,ns,nd,entropy,ndev,lt,nuc,age,exp,rexp,sexp",,,0.5879729986190796,0.3,True,val_recall,max_recall_with_precision_floor,0.3018597997138769,0.4518201284796574,0.3619210977701543,0.7838482287990143,5.0,0.1972463383824269,0.0070783696159474,0.706474820143885,0.0353617431005597,0.3082777698498811,0.0106815636039708,0.7870281672319482,0.0115036170220343,validation_threshold,True,0.8076829119335532,0.2506379359228806,0.6359712230215827,0.3595688427903193,0.808824256665143,0.8638609332113449,0.3018597997138769,0.4518201284796574,0.3619210977701543,0.7838482287990143,0.8182481751824817,0.2069741282339707,0.3873684210526316,0.2697947214076246,0.7008202323991798,-0.0105652632489284,0.0436638076889098,0.2486028019689511,0.0897741213826947,0.1080040242659632,-0.0561780212777917,-0.0512218637909963,0.1841510945419253,-0.002352254979835,0.0249760278661287,C:\Users\Dam Hieu\Desktop\CNDM - VIẾT BÁO + KLTN\prototype\models\metrics_tuned\jitfine\xgb_candidate1.joblib,1.0,jitline_native_split,C:\Users\Dam Hieu\Desktop\CNDM - VIẾT BÁO + KLTN\prototype\data\splits\jitfine\manifest.json,4998.0,467.0,"{""colsample_bytree"": 0.8, ""learning_rate"": 0.05, ""max_depth"": 2, ""min_child_weight"": 3, ""n_estimators"": 200, ""reg_lambda"": 2.0, ""subsample"": 0.8}",recall_with_precision_floor,best_validation_threshold_candidate_cv_tiebreak,val_recall_then_val_f1_precision_floor_0.30,,,,,,paper-v1,frozen_baseline_vs_tuned
jm1,lgbm,metrics_only,metrics_only,,False,paper-v1,tuned_best_table,2026-06-27T05:31:34,jm1::lgbm,jm1::lgbm::tuned_best_table,C:\Users\Dam Hieu\Desktop\CNDM - VIẾT BÁO + KLTN\prototype\results\tables\results_table.csv,,,,,,,,,,,,,,,,,,,,,,,,,,,,,,,,,,,,,,,,,,,,,,,,,,,,,,,,,,,,,,C:\Users\Dam Hieu\Desktop\CNDM - VIẾT BÁO + KLTN\prototype\data\processed\jm1_clean.parquet,42.0,9242.0,1320.0,2642.0,5.0,7770.0,1472.0,2221.0,421.0,"loc,v(g),ev(g),iv(g),branchCount",,,0.5304210683164149,0.3,True,val_recall,max_recall_with_precision_floor,0.3045563549160671,0.6047619047619047,0.405103668261563,0.7251866151866152,5.0,0.283777766094489,0.0162783598174948,0.6324801106883432,0.0188733337411407,0.3915769005746764,0.0178217272969232,0.7216534197388574,0.0159770946299946,validation_threshold,True,0.7283055615667604,0.3234794427454978,0.6467391304347826,0.4312570781426953,0.7662680197666611,0.7174242424242424,0.3045563549160671,0.6047619047619047,0.405103668261563,0.7251866151866152,0.708554125662377,0.293491124260355,0.5890736342042755,0.3917851500789889,0.7339998994696488,0.0197514359043834,0.0299883184851427,0.057665496230507,0.0394719280637064,0.0322681202970123,0.0108813191425179,0.0189230878294306,0.0419772256728778,0.0261534098811323,0.0410814045800459,C:\Users\Dam Hieu\Desktop\CNDM - VIẾT BÁO + KLTN\prototype\models\metrics_tuned\jm1\lgbm_candidate3.joblib,3.0,saved_split,C:\Users\Dam Hieu\Desktop\CNDM - VIẾT BÁO + KLTN\prototype\data\splits\jm1\manifest.json,1110.0,210.0,"{""colsample_bytree"": 0.75, ""learning_rate"": 0.03, ""max_depth"": 5, ""min_child_samples"": 30, ""n_estimators"": 300, ""num_leaves"": 15, ""reg_lambda"": 4.0, ""subsample"": 0.75}",recall_with_precision_floor,best_validation_threshold_candidate_cv_tiebreak,val_recall_then_val_f1_precision_floor_0.30,,,,,,paper-v1,frozen_baseline_vs_tuned
jm1,rf,metrics_only,metrics_only,,False,paper-v1,training,,jm1::rf,jm1::rf::training,C:\Users\Dam Hieu\Desktop\CNDM - VIẾT BÁO + KLTN\prototype\results\tables\results_table.csv,C:\Users\Dam Hieu\Desktop\CNDM - VIẾT BÁO + KLTN\prototype\data\processed\experiments\jm1_experiment.parquet,42.0,0.2,"rf,xgb,lgbm","loc,v(g),ev(g),iv(g),branchCount",9242.0,1320.0,2642.0,5.0,"loc,v(g),ev(g),iv(g),branchCount",,,0.4954679663570979,0.3,True,val_recall,max_recall_with_precision_floor,0.3006833712984054,0.6285714285714286,0.4067796610169492,0.7286314886314886,validation,True,0.7292793767582775,0.3325747724317295,0.6949728260869565,0.449868073878628,0.7901427679620615,0.7075757575757575,0.2990867579908676,0.6238095238095238,0.404320987654321,0.7286314886314886,0.7009841029523088,0.2905788876276958,0.6080760095011877,0.3932411674347158,0.732697282792947,0.0282952738059686,0.0419958848040337,0.0868968165857688,0.0566269064439121,0.0574454851691145,0.0217036191825199,0.0334880144408619,0.0711633022774327,0.0455470862243069,0.0615112793305728,C:\Users\Dam Hieu\Desktop\CNDM - VIẾT BÁO + KLTN\prototype\models\metrics\rf_jm1.joblib,5.0,0.0,0.0,False,recall_with_precision_floor,C:\Users\Dam Hieu\Desktop\CNDM - VIẾT BÁO + KLTN\prototype\data\splits\jm1\manifest.json,880b1f6e0cf37f271b855a8bec830726a0bed1dabdda97a0492084710042abce,saved_split,0.1,True,metrics_only,1.0,,,,,,,,,,,,,,,,,,,,,,,,,,,,,,,,,,,,,,,,,,,,,,,,,,,,,,,,,,,,,,,,,,,,,,,,,,paper-v1,frozen_baseline_vs_tuned
jm1,rf,metrics_only,metrics_only,,False,paper-v1,tuned_best_table,2026-06-27T05:31:34,jm1::rf,jm1::rf::tuned_best_table,C:\Users\Dam Hieu\Desktop\CNDM - VIẾT BÁO + KLTN\prototype\results\tables\results_table.csv,,,,,,,,,,,,,,,,,,,,,,,,,,,,,,,,,,,,,,,,,,,,,,,,,,,,,,,,,,,,,,C:\Users\Dam Hieu\Desktop\CNDM - VIẾT BÁO + KLTN\prototype\data\processed\jm1_clean.parquet,42.0,9242.0,1320.0,2642.0,5.0,7770.0,1472.0,2221.0,421.0,"loc,v(g),ev(g),iv(g),branchCount",,,0.5068340036581894,0.3,True,val_recall,max_recall_with_precision_floor,0.3,0.6142857142857143,0.403125,0.7277670527670528,5.0,0.2863853737138029,0.0157817250086639,0.5991629194050502,0.0243711024181195,0.3872247569057664,0.0165309567487483,0.7246462779427152,0.0137749722430639,validation_threshold,True,0.7117507033109717,0.3078658929722759,0.6487771739130435,0.4175776125929165,0.7582129829752113,0.7106060606060606,0.3,0.6142857142857143,0.403125,0.7277670527670528,0.6990915972747919,0.2922222222222222,0.6247030878859857,0.3981831945495837,0.7347410434408759,0.0126591060361798,0.0156436707500537,0.0240740860270577,0.0193944180433328,0.0234719395343354,0.0011446427049111,0.0078658929722759,0.0344914596273291,0.0144526125929164,0.0304459302081585,C:\Users\Dam Hieu\Desktop\CNDM - VIẾT BÁO + KLTN\prototype\models\metrics_tuned\jm1\rf_candidate1.joblib,1.0,saved_split,C:\Users\Dam Hieu\Desktop\CNDM - VIẾT BÁO + KLTN\prototype\data\splits\jm1\manifest.json,1110.0,210.0,"{""max_depth"": 6, ""max_features"": ""sqrt"", ""min_samples_leaf"": 4, ""min_samples_split"": 8, ""n_estimators"": 250}",recall_with_precision_floor,best_validation_threshold_candidate_cv_tiebreak,val_recall_then_val_f1_precision_floor_0.30,,,,,,paper-v1,frozen_baseline_vs_tuned
jm1,xgb,metrics_only,metrics_only,,False,paper-v1,tuned_best_table,2026-06-27T05:31:34,jm1::xgb,jm1::xgb::tuned_best_table,C:\Users\Dam Hieu\Desktop\CNDM - VIẾT BÁO + KLTN\prototype\results\tables\results_table.csv,,,,,,,,,,,,,,,,,,,,,,,,,,,,,,,,,,,,,,,,,,,,,,,,,,,,,,,,,,,,,,C:\Users\Dam Hieu\Desktop\CNDM - VIẾT BÁO + KLTN\prototype\data\processed\jm1_clean.parquet,42.0,9242.0,1320.0,2642.0,5.0,7770.0,1472.0,2221.0,421.0,"loc,v(g),ev(g),iv(g),branchCount",,,0.5167627930641174,0.3,True,val_recall,max_recall_with_precision_floor,0.3037383177570093,0.6190476190476191,0.4075235109717868,0.7269305019305019,5.0,0.2864957757427672,0.0138169717731297,0.6202398247434566,0.0176941141169448,0.391803762070562,0.0150402519218122,0.7231426381166954,0.0170434383872288,validation_threshold,True,0.7148885522614152,0.3107712333224862,0.6487771739130435,0.4202420242024202,0.7581170699037547,0.7136363636363636,0.3037383177570093,0.6190476190476191,0.4075235109717868,0.7269305019305019,0.7100681302043906,0.301038062283737,0.6199524940617577,0.4052795031055901,0.7353057245618106,0.0048204220570245,0.0097331710387491,0.0288246798512857,0.0149625210968301,0.022811345341944,0.0012521886250516,0.0070329155654768,0.0297295548654243,0.0127185132306333,0.0311865679732528,C:\Users\Dam Hieu\Desktop\CNDM - VIẾT BÁO + KLTN\prototype\models\metrics_tuned\jm1\xgb_candidate2.joblib,2.0,saved_split,C:\Users\Dam Hieu\Desktop\CNDM - VIẾT BÁO + KLTN\prototype\data\splits\jm1\manifest.json,1110.0,210.0,"{""colsample_bytree"": 0.8, ""learning_rate"": 0.05, ""max_depth"": 3, ""min_child_weight"": 5, ""n_estimators"": 250, ""reg_lambda"": 3.0, ""subsample"": 0.8}",recall_with_precision_floor,best_validation_threshold_candidate_cv_tiebreak,val_recall_then_val_f1_precision_floor_0.30,,,,,,paper-v1,frozen_baseline_vs_tuned
kc1,lgbm,metrics_only,metrics_only,,False,paper-v1,tuned_best_table,2026-06-27T05:31:34,kc1::lgbm,kc1::lgbm::tuned_best_table,C:\Users\Dam Hieu\Desktop\CNDM - VIẾT BÁO + KLTN\prototype\results\tables\results_table.csv,,,,,,,,,,,,,,,,,,,,,,,,,,,,,,,,,,,,,,,,,,,,,,,,,,,,,,,,,,,,,,C:\Users\Dam Hieu\Desktop\CNDM - VIẾT BÁO + KLTN\prototype\data\processed\kc1_clean.parquet,42.0,1476.0,210.0,423.0,5.0,1248.0,228.0,358.0,65.0,"loc,v(g),ev(g),iv(g),branchCount",,,0.447638707875585,0.3,True,val_recall,max_recall_with_precision_floor,0.3157894736842105,0.9090909090909092,0.46875,0.8447183701420989,5.0,0.274810523169577,0.0057266901624859,0.7502415458937198,0.0615679587927666,0.4015823230927566,0.0087116567886375,0.7769064059135091,0.0143587232592122,validation_threshold,True,0.5718157181571816,0.2548543689320388,0.9210526315789472,0.3992395437262357,0.8224492521367521,0.6761904761904762,0.3157894736842105,0.9090909090909092,0.46875,0.8447183701420989,0.5508274231678487,0.2406639004149377,0.8923076923076924,0.3790849673202614,0.7915556510528579,0.0209882949893328,0.014190468517101,0.0287449392712549,0.0201545764059743,0.0308936010838942,-0.1043747580332946,-0.0609351047521716,0.0119617224880382,-0.0695104562737642,-0.0222691180053468,C:\Users\Dam Hieu\Desktop\CNDM - VIẾT BÁO + KLTN\prototype\models\metrics_tuned\kc1\lgbm_candidate3.joblib,3.0,saved_split,C:\Users\Dam Hieu\Desktop\CNDM - VIẾT BÁO + KLTN\prototype\data\splits\kc1\manifest.json,177.0,33.0,"{""colsample_bytree"": 0.7, ""learning_rate"": 0.03, ""max_depth"": 4, ""min_child_samples"": 30, ""n_estimators"": 180, ""num_leaves"": 11, ""reg_lambda"": 6.0, ""subsample"": 0.7}",recall_with_precision_floor,best_validation_threshold_candidate_cv_tiebreak,val_recall_then_val_f1_precision_floor_0.30,,,,,,paper-v1,frozen_baseline_vs_tuned
kc1,rf,metrics_only,metrics_only,,False,paper-v1,tuned_best_table,2026-06-27T05:31:34,kc1::rf,kc1::rf::tuned_best_table,C:\Users\Dam Hieu\Desktop\CNDM - VIẾT BÁO + KLTN\prototype\results\tables\results_table.csv,,,,,,,,,,,,,,,,,,,,,,,,,,,,,,,,,,,,,,,,,,,,,,,,,,,,,,,,,,,,,,C:\Users\Dam Hieu\Desktop\CNDM - VIẾT BÁO + KLTN\prototype\data\processed\kc1_clean.parquet,42.0,1476.0,210.0,423.0,5.0,1248.0,228.0,358.0,65.0,"loc,v(g),ev(g),iv(g),branchCount",,,0.4151916113962419,0.3,True,val_recall,max_recall_with_precision_floor,0.3092783505154639,0.9090909090909092,0.4615384615384615,0.8329053244307483,5.0,0.2752110164116174,0.0078940772074346,0.728695652173913,0.0914739625374687,0.3977498556598889,0.0116824583613907,0.7795005319830045,0.0162586556595916,validation_threshold,True,0.5752032520325203,0.2546125461254612,0.9078947368421052,0.3976945244956772,0.8162973037561853,0.6666666666666666,0.3092783505154639,0.9090909090909092,0.4615384615384615,0.8329053244307483,0.5626477541371159,0.2478991596638655,0.9076923076923076,0.3894389438943894,0.7994413407821228,0.0125554978954044,0.0067133864615956,0.0002024291497976,0.0082555806012877,0.0168559629740624,-0.0914634146341463,-0.0546658043900026,-0.0011961722488037,-0.0638439370427843,-0.016608020674563,C:\Users\Dam Hieu\Desktop\CNDM - VIẾT BÁO + KLTN\prototype\models\metrics_tuned\kc1\rf_candidate1.joblib,1.0,saved_split,C:\Users\Dam Hieu\Desktop\CNDM - VIẾT BÁO + KLTN\prototype\data\splits\kc1\manifest.json,177.0,33.0,"{""max_depth"": 4, ""max_features"": ""sqrt"", ""min_samples_leaf"": 3, ""min_samples_split"": 6, ""n_estimators"": 150}",recall_with_precision_floor,best_validation_threshold_candidate_cv_tiebreak,val_recall_then_val_f1_precision_floor_0.30,,,,,,paper-v1,frozen_baseline_vs_tuned
kc1,xgb,metrics_only,metrics_only,,False,paper-v1,training,,kc1::xgb,kc1::xgb::training,C:\Users\Dam Hieu\Desktop\CNDM - VIẾT BÁO + KLTN\prototype\results\tables\results_table.csv,C:\Users\Dam Hieu\Desktop\CNDM - VIẾT BÁO + KLTN\prototype\data\processed\experiments\kc1_experiment.parquet,42.0,0.2,"rf,xgb,lgbm","loc,v(g),ev(g),iv(g),branchCount",1476.0,210.0,423.0,5.0,"loc,v(g),ev(g),iv(g),branchCount",,,0.3788508474826813,0.3,True,val_recall,max_recall_with_precision_floor,0.3409090909090909,0.9090909090909092,0.4958677685950413,0.8304228727957542,validation,True,0.5989159891598916,0.2672634271099744,0.9166666666666666,0.4138613861386138,0.857726748762933,0.7095238095238096,0.3409090909090909,0.9090909090909092,0.4958677685950413,0.8304228727957542,0.5673758865248227,0.2456896551724137,0.8769230769230769,0.3838383838383838,0.7908895573700043,0.0315401026350689,0.0215737719375606,0.0397435897435897,0.03002300230023,0.0668371913929286,-0.1106078203639179,-0.0736456637991164,0.0075757575757575,-0.0820063824564275,0.0273038759671787,C:\Users\Dam Hieu\Desktop\CNDM - VIẾT BÁO + KLTN\prototype\models\metrics\xgb_kc1.joblib,5.0,0.0,0.0,False,recall_with_precision_floor,C:\Users\Dam Hieu\Desktop\CNDM - VIẾT BÁO + KLTN\prototype\data\splits\kc1\manifest.json,0d557017814d430009c614c1be875248f020efe4bb7799a98ae9acdc31501404,saved_split,0.1,True,metrics_only,1.0,,,,,,,,,,,,,,,,,,,,,,,,,,,,,,,,,,,,,,,,,,,,,,,,,,,,,,,,,,,,,,,,,,,,,,,,,,paper-v1,frozen_baseline_vs_tuned
kc1,xgb,metrics_only,metrics_only,,False,paper-v1,tuned_best_table,2026-06-27T05:31:34,kc1::xgb,kc1::xgb::tuned_best_table,C:\Users\Dam Hieu\Desktop\CNDM - VIẾT BÁO + KLTN\prototype\results\tables\results_table.csv,,,,,,,,,,,,,,,,,,,,,,,,,,,,,,,,,,,,,,,,,,,,,,,,,,,,,,,,,,,,,,C:\Users\Dam Hieu\Desktop\CNDM - VIẾT BÁO + KLTN\prototype\data\processed\kc1_clean.parquet,42.0,1476.0,210.0,423.0,5.0,1248.0,228.0,358.0,65.0,"loc,v(g),ev(g),iv(g),branchCount",,,0.4768067896366119,0.3,True,val_recall,max_recall_with_precision_floor,0.3409090909090909,0.9090909090909092,0.4958677685950413,0.8401814757746962,5.0,0.265177138371224,0.0124473291196974,0.7899516908212559,0.1045745434702457,0.3946951775150153,0.0133155640706809,0.7810000745009023,0.0178148086800535,validation_threshold,True,0.5968834688346883,0.2626131953428202,0.8903508771929824,0.4055944055944055,0.8103790626405758,0.7095238095238096,0.3409090909090909,0.9090909090909092,0.4958677685950413,0.8401814757746962,0.5650118203309693,0.2424242424242424,0.8615384615384616,0.3783783783783784,0.788268156424581,0.031871648503719,0.0201889529185777,0.0288124156545208,0.0272160272160271,0.0221109062159947,-0.1126403406891212,-0.0782958955662707,-0.0187400318979266,-0.0902733630006357,-0.0298024131341203,C:\Users\Dam Hieu\Desktop\CNDM - VIẾT BÁO + KLTN\prototype\models\metrics_tuned\kc1\xgb_candidate1.joblib,1.0,saved_split,C:\Users\Dam Hieu\Desktop\CNDM - VIẾT BÁO + KLTN\prototype\data\splits\kc1\manifest.json,177.0,33.0,"{""colsample_bytree"": 0.8, ""learning_rate"": 0.05, ""max_depth"": 2, ""min_child_weight"": 5, ""n_estimators"": 120, ""reg_lambda"": 4.0, ""subsample"": 0.8}",recall_with_precision_floor,best_validation_threshold_candidate_cv_tiebreak,val_recall_then_val_f1_precision_floor_0.30,,,,,,paper-v1,frozen_baseline_vs_tuned
openstack,lgbm,metrics_only,metrics_only,,False,paper-v1,tuned_best_table,2026-06-27T05:31:34,openstack::lgbm,openstack::lgbm::tuned_best_table,C:\Users\Dam Hieu\Desktop\CNDM - VIẾT BÁO + KLTN\prototype\results\tables\results_table.csv,,,,,,,,,,,,,,,,,,,,,,,,,,,,,,,,,,,,,,,,,,,,,,,,,,,,,,,,,,,,,,C:\Users\Dam Hieu\Desktop\CNDM - VIẾT BÁO + KLTN\prototype\data\processed\openstack_clean.parquet,42.0,10775.0,1198.0,1331.0,22.0,9457.0,1318.0,1168.0,163.0,"la,ld,nf,nd,ns,ent,nrev,rtime,hcmt,self,ndev,age,nuc,app,aexp,rexp,arexp,rrexp,asexp,rsexp,asawr,rsawr",,,0.5604513269492177,0.3,True,val_recall,max_recall_with_precision_floor,0.3,0.636986301369863,0.4078947368421052,0.8095148184801292,5.0,0.2915355679032393,0.0115001145912635,0.7374755156123978,0.0151496711803709,0.4178182404113582,0.0137751918173979,0.8221898857271421,0.0099889187921322,validation_threshold,True,0.7987935034802784,0.3497171145685997,0.7503793626707133,0.477086348287506,0.8653919995353139,0.7746243739565943,0.3,0.636986301369863,0.4078947368421052,0.8095148184801292,0.7738542449286251,0.3135135135135135,0.7116564417177914,0.4352720450281426,0.8287750021010168,0.0249392585516533,0.0362036010550861,0.0387229209529218,0.0418143032593634,0.036616997434297,0.0241691295236841,0.0497171145685997,0.1133930613008502,0.0691916114454007,0.0558771810551846,C:\Users\Dam Hieu\Desktop\CNDM - VIẾT BÁO + KLTN\prototype\models\metrics_tuned\openstack\lgbm_candidate1.joblib,1.0,jitline_native_split,C:\Users\Dam Hieu\Desktop\CNDM - VIẾT BÁO + KLTN\prototype\data\splits\openstack\manifest.json,1052.0,146.0,"{""colsample_bytree"": 0.8, ""learning_rate"": 0.05, ""max_depth"": 3, ""min_child_samples"": 20, ""n_estimators"": 200, ""num_leaves"": 7, ""reg_lambda"": 2.0, ""subsample"": 0.8}",recall_with_precision_floor,best_validation_threshold_candidate_cv_tiebreak,val_recall_then_val_f1_precision_floor_0.30,,,,,,paper-v1,frozen_baseline_vs_tuned
openstack,rf,metrics_only,metrics_only,,False,paper-v1,tuned_best_table,2026-06-27T05:31:34,openstack::rf,openstack::rf::tuned_best_table,C:\Users\Dam Hieu\Desktop\CNDM - VIẾT BÁO + KLTN\prototype\results\tables\results_table.csv,,,,,,,,,,,,,,,,,,,,,,,,,,,,,,,,,,,,,,,,,,,,,,,,,,,,,,,,,,,,,,C:\Users\Dam Hieu\Desktop\CNDM - VIẾT BÁO + KLTN\prototype\data\processed\openstack_clean.parquet,42.0,10775.0,1198.0,1331.0,22.0,9457.0,1318.0,1168.0,163.0,"la,ld,nf,nd,ns,ent,nrev,rtime,hcmt,self,ndev,age,nuc,app,aexp,rexp,arexp,rrexp,asexp,rsexp,asawr,rsawr",,,0.4449099916849131,0.3,True,val_recall,max_recall_with_precision_floor,0.3003194888178914,0.6438356164383562,0.4095860566448802,0.802222772019376,5.0,0.3431722911091375,0.0169390659485216,0.5788570111764029,0.0288327115058599,0.4307231587370701,0.0195305377340144,0.811373402480062,0.011092335056784,validation_threshold,True,0.8232946635730859,0.4022681787858572,0.9150227617602428,0.5588507877664504,0.9379575758849696,0.7737896494156928,0.3003194888178914,0.6438356164383562,0.4095860566448802,0.802222772019376,0.772351615326822,0.3087431693989071,0.6932515337423313,0.4272211720226843,0.8255473149004118,0.0509430482462639,0.0935250093869501,0.2217712280179115,0.131629615743766,0.1124102609845578,0.049505014157393,0.1019486899679658,0.2711871453218866,0.1492647311215701,0.1357348038655936,C:\Users\Dam Hieu\Desktop\CNDM - VIẾT BÁO + KLTN\prototype\models\metrics_tuned\openstack\rf_candidate3.joblib,3.0,jitline_native_split,C:\Users\Dam Hieu\Desktop\CNDM - VIẾT BÁO + KLTN\prototype\data\splits\openstack\manifest.json,1052.0,146.0,"{""max_depth"": 10, ""max_features"": ""log2"", ""min_samples_leaf"": 6, ""min_samples_split"": 12, ""n_estimators"": 350}",recall_with_precision_floor,best_validation_threshold_candidate_cv_tiebreak,val_recall_then_val_f1_precision_floor_0.30,,,,,,paper-v1,frozen_baseline_vs_tuned
openstack,xgb,metrics_only,metrics_only,,False,paper-v1,training,,openstack::xgb,openstack::xgb::training,C:\Users\Dam Hieu\Desktop\CNDM - VIẾT BÁO + KLTN\prototype\results\tables\results_table.csv,C:\Users\Dam Hieu\Desktop\CNDM - VIẾT BÁO + KLTN\prototype\data\processed\openstack_clean.parquet,42.0,0.2,"rf,xgb,lgbm","la,ld,nf,nd,ns,ent,nrev,rtime,hcmt,self,ndev,age,nuc,app,aexp,rexp,arexp,rrexp,asexp,rsexp,asawr,rsawr",10775.0,1198.0,1331.0,22.0,"la,ld,nf,nd,ns,ent,nrev,rtime,hcmt,self,ndev,age,nuc,app,aexp,rexp,arexp,rrexp,asexp,rsexp,asawr,rsawr",,,0.5546623468399048,0.3,True,val_recall,max_recall_with_precision_floor,0.3012422360248447,0.6643835616438356,0.4145299145299145,0.8088637429032761,validation,True,0.802784222737819,0.3579725448785639,0.7716236722306525,0.4890598701610964,0.8794784411126603,0.7712854757929883,0.3012422360248447,0.6643835616438356,0.4145299145299145,0.8088637429032761,0.7791134485349361,0.3185595567867036,0.7055214723926381,0.4389312977099237,0.8301065215564334,0.0236707742028828,0.0394129880918602,0.0661021998380144,0.0501285724511727,0.0493719195562268,0.0314987469448306,0.0567303088537191,0.1072401105868169,0.0745299556311818,0.0706146982093841,C:\Users\Dam Hieu\Desktop\CNDM - VIẾT BÁO + KLTN\prototype\models\metrics\xgb_openstack.joblib,22.0,0.0,0.0,False,recall_with_precision_floor,.,,jitline_native_split,0.1,False,metrics_only,1.0,,,,,,,,,,,,,,,,,,,,,,,,,,,,,,,,,,,,,,,,,,,,,,,,,,,,,,,,,,,,,,,,,,,,,,,,,,paper-v1,frozen_baseline_vs_tuned
openstack,xgb,metrics_only,metrics_only,,False,paper-v1,tuned_best_table,2026-06-27T05:31:34,openstack::xgb,openstack::xgb::tuned_best_table,C:\Users\Dam Hieu\Desktop\CNDM - VIẾT BÁO + KLTN\prototype\results\tables\results_table.csv,,,,,,,,,,,,,,,,,,,,,,,,,,,,,,,,,,,,,,,,,,,,,,,,,,,,,,,,,,,,,,C:\Users\Dam Hieu\Desktop\CNDM - VIẾT BÁO + KLTN\prototype\data\processed\openstack_clean.parquet,42.0,10775.0,1198.0,1331.0,22.0,9457.0,1318.0,1168.0,163.0,"la,ld,nf,nd,ns,ent,nrev,rtime,hcmt,self,ndev,age,nuc,app,aexp,rexp,arexp,rrexp,asexp,rsexp,asawr,rsawr",,,0.559322714805603,0.3,True,val_recall,max_recall_with_precision_floor,0.3018867924528302,0.6575342465753424,0.4137931034482758,0.8079327048283764,5.0,0.295942953759237,0.0087733521604593,0.7291364212466874,0.0100207341522608,0.4209713700805436,0.01026149756118,0.8235851194117203,0.0093295642517751,validation_threshold,True,0.8037122969837587,0.3589380530973451,0.7693474962063733,0.4895003620564808,0.8782354938405815,0.7729549248747913,0.3018867924528302,0.6575342465753424,0.4137931034482758,0.8079327048283764,0.7806160781367393,0.3193277310924369,0.6993865030674846,0.4384615384615384,0.8300434910496679,0.0230962188470194,0.0396103220049081,0.0699609931388887,0.0510388235949423,0.0481920027909136,0.0307573721089673,0.0570512606445149,0.1118132496310309,0.0757072586082049,0.0703027890122051,C:\Users\Dam Hieu\Desktop\CNDM - VIẾT BÁO + KLTN\prototype\models\metrics_tuned\openstack\xgb_candidate2.joblib,2.0,jitline_native_split,C:\Users\Dam Hieu\Desktop\CNDM - VIẾT BÁO + KLTN\prototype\data\splits\openstack\manifest.json,1052.0,146.0,"{""colsample_bytree"": 0.8, ""learning_rate"": 0.05, ""max_depth"": 3, ""min_child_weight"": 5, ""n_estimators"": 250, ""reg_lambda"": 3.0, ""subsample"": 0.8}",recall_with_precision_floor,best_validation_threshold_candidate_cv_tiebreak,val_recall_then_val_f1_precision_floor_0.30,,,,,,paper-v1,frozen_baseline_vs_tuned
pc1,lgbm,metrics_only,metrics_only,,False,paper-v1,training,,pc1::lgbm,pc1::lgbm::training,C:\Users\Dam Hieu\Desktop\CNDM - VIẾT BÁO + KLTN\prototype\results\tables\results_table.csv,C:\Users\Dam Hieu\Desktop\CNDM - VIẾT BÁO + KLTN\prototype\data\processed\experiments\pc1_experiment.parquet,42.0,0.2,"rf,xgb,lgbm","loc,v(g),ev(g),iv(g),branchCount",776.0,110.0,223.0,5.0,"loc,v(g),ev(g),iv(g),branchCount",,,0.6716400049801186,0.3,True,val_recall,max_recall_with_precision_floor,0.3076923076923077,0.5,0.3809523809523809,0.6770833333333334,validation,True,0.9149484536082474,0.4375,0.7777777777777778,0.56,0.9534728634451628,0.8818181818181818,0.3076923076923077,0.5,0.3809523809523809,0.6770833333333334,0.8295964125560538,0.1714285714285714,0.4,0.24,0.7668269230769231,0.0853520410521936,0.2660714285714285,0.3777777777777777,0.32,0.1866459403682395,0.0331302717900655,0.1298076923076923,0.2777777777777778,0.1790476190476191,0.2763895301118293,C:\Users\Dam Hieu\Desktop\CNDM - VIẾT BÁO + KLTN\prototype\models\metrics\lgbm_pc1.joblib,5.0,0.0,0.0,False,recall_with_precision_floor,C:\Users\Dam Hieu\Desktop\CNDM - VIẾT BÁO + KLTN\prototype\data\splits\pc1\manifest.json,76781b4ddef3908e2d7b9e8539281437866dcd75d664d756c25dba7a62d92adc,saved_split,0.1,True,metrics_only,1.0,,,,,,,,,,,,,,,,,,,,,,,,,,,,,,,,,,,,,,,,,,,,,,,,,,,,,,,,,,,,,,,,,,,,,,,,,,paper-v1,frozen_baseline_vs_tuned
pc1,lgbm,metrics_only,metrics_only,,False,paper-v1,tuned_best_table,2026-06-27T05:31:34,pc1::lgbm,pc1::lgbm::tuned_best_table,C:\Users\Dam Hieu\Desktop\CNDM - VIẾT BÁO + KLTN\prototype\results\tables\results_table.csv,,,,,,,,,,,,,,,,,,,,,,,,,,,,,,,,,,,,,,,,,,,,,,,,,,,,,,,,,,,,,,C:\Users\Dam Hieu\Desktop\CNDM - VIẾT BÁO + KLTN\prototype\data\processed\pc1_clean.parquet,42.0,776.0,110.0,223.0,5.0,722.0,54.0,208.0,15.0,"loc,v(g),ev(g),iv(g),branchCount",,,0.8672812110210715,0.3,True,val_recall,max_recall_with_precision_floor,1.0,0.125,0.2222222222222222,0.7518382352941176,5.0,0.1321455382642653,0.0297906644448902,0.4981818181818181,0.116477217294887,0.2080600666189686,0.0456885219071115,0.7051235632183908,0.08025409053615,validation_threshold,True,0.9381443298969072,0.75,0.1666666666666666,0.2727272727272727,0.8912101159331076,0.9363636363636364,1.0,0.125,0.2222222222222222,0.7518382352941176,0.9192825112107624,0.2857142857142857,0.1333333333333333,0.1818181818181818,0.7801282051282051,0.0188618186861448,0.4642857142857143,0.0333333333333333,0.0909090909090908,0.1110819108049024,0.0017806935332708,-0.25,0.0416666666666666,0.0505050505050505,0.1393718806389899,C:\Users\Dam Hieu\Desktop\CNDM - VIẾT BÁO + KLTN\prototype\models\metrics_tuned\pc1\lgbm_candidate1.joblib,1.0,saved_split,C:\Users\Dam Hieu\Desktop\CNDM - VIẾT BÁO + KLTN\prototype\data\splits\pc1\manifest.json,102.0,8.0,"{""colsample_bytree"": 0.8, ""learning_rate"": 0.05, ""max_depth"": 3, ""min_child_samples"": 20, ""n_estimators"": 120, ""num_leaves"": 7, ""reg_lambda"": 4.0, ""subsample"": 0.8}",recall_with_precision_floor,best_validation_threshold_candidate_cv_tiebreak,val_recall_then_val_f1_precision_floor_0.30,,,,,,paper-v1,frozen_baseline_vs_tuned
pc1,rf,metrics_only,metrics_only,,False,paper-v1,tuned_best_table,2026-06-27T05:31:34,pc1::rf,pc1::rf::tuned_best_table,C:\Users\Dam Hieu\Desktop\CNDM - VIẾT BÁO + KLTN\prototype\results\tables\results_table.csv,,,,,,,,,,,,,,,,,,,,,,,,,,,,,,,,,,,,,,,,,,,,,,,,,,,,,,,,,,,,,,C:\Users\Dam Hieu\Desktop\CNDM - VIẾT BÁO + KLTN\prototype\data\processed\pc1_clean.parquet,42.0,776.0,110.0,223.0,5.0,722.0,54.0,208.0,15.0,"loc,v(g),ev(g),iv(g),branchCount",,,0.6894148190714491,0.3,True,val_recall,max_recall_with_precision_floor,1.0,0.25,0.4,0.7800245098039216,5.0,0.1207422969187675,0.0213275662767278,0.2963636363636363,0.0352558535084824,0.1700617399909296,0.0227156881003812,0.6888621560431906,0.0721780907526095,validation_threshold,True,0.9471649484536082,0.76,0.3518518518518518,0.4810126582278481,0.9198471324510106,0.9454545454545454,1.0,0.25,0.4,0.7800245098039216,0.9192825112107624,0.2,0.0666666666666666,0.1,0.7147435897435898,0.0278824372428458,0.56,0.2851851851851852,0.3810126582278481,0.2051035427074208,0.0017104029990627,-0.24,0.1018518518518518,0.081012658227848,0.139822622647089,C:\Users\Dam Hieu\Desktop\CNDM - VIẾT BÁO + KLTN\prototype\models\metrics_tuned\pc1\rf_candidate2.joblib,2.0,saved_split,C:\Users\Dam Hieu\Desktop\CNDM - VIẾT BÁO + KLTN\prototype\data\splits\pc1\manifest.json,102.0,8.0,"{""max_depth"": 5, ""max_features"": ""sqrt"", ""min_samples_leaf"": 4, ""min_samples_split"": 8, ""n_estimators"": 200}",recall_with_precision_floor,best_validation_threshold_candidate_cv_tiebreak,val_recall_then_val_f1_precision_floor_0.30,,,,,,paper-v1,frozen_baseline_vs_tuned
pc1,xgb,metrics_only,metrics_only,,False,paper-v1,tuned_best_table,2026-06-27T05:31:34,pc1::xgb,pc1::xgb::tuned_best_table,C:\Users\Dam Hieu\Desktop\CNDM - VIẾT BÁO + KLTN\prototype\results\tables\results_table.csv,,,,,,,,,,,,,,,,,,,,,,,,,,,,,,,,,,,,,,,,,,,,,,,,,,,,,,,,,,,,,,C:\Users\Dam Hieu\Desktop\CNDM - VIẾT BÁO + KLTN\prototype\data\processed\pc1_clean.parquet,42.0,776.0,110.0,223.0,5.0,722.0,54.0,208.0,15.0,"loc,v(g),ev(g),iv(g),branchCount",,,0.7491284012794495,0.3,True,val_recall,max_recall_with_precision_floor,0.6666666666666666,0.25,0.3636363636363636,0.7604166666666666,5.0,0.1482070842521405,0.0515971688484033,0.5163636363636364,0.1628668776476995,0.2288734414652984,0.0776828482211957,0.7089055207244862,0.0805048867922275,validation_threshold,True,0.9368556701030928,0.6086956521739131,0.2592592592592592,0.3636363636363636,0.8722812147327383,0.9363636363636364,0.6666666666666666,0.25,0.3636363636363636,0.7604166666666666,0.9192825112107624,0.3333333333333333,0.2,0.25,0.7189102564102564,0.0175731588923304,0.2753623188405797,0.0592592592592592,0.1136363636363636,0.1533709583224819,0.0004920337394563,-0.0579710144927535,0.0092592592592592,0.0,0.1118645480660717,C:\Users\Dam Hieu\Desktop\CNDM - VIẾT BÁO + KLTN\prototype\models\metrics_tuned\pc1\xgb_candidate2.joblib,2.0,saved_split,C:\Users\Dam Hieu\Desktop\CNDM - VIẾT BÁO + KLTN\prototype\data\splits\pc1\manifest.json,102.0,8.0,"{""colsample_bytree"": 0.75, ""learning_rate"": 0.04, ""max_depth"": 2, ""min_child_weight"": 6, ""n_estimators"": 150, ""reg_lambda"": 5.0, ""subsample"": 0.75}",recall_with_precision_floor,best_validation_threshold_candidate_cv_tiebreak,val_recall_then_val_f1_precision_floor_0.30,,,,,,paper-v1,frozen_baseline_vs_tuned
qt,lgbm,metrics_only,metrics_only,,False,paper-v1,tuned_best_table,2026-06-27T05:31:34,qt::lgbm,qt::lgbm::tuned_best_table,C:\Users\Dam Hieu\Desktop\CNDM - VIẾT BÁO + KLTN\prototype\results\tables\results_table.csv,,,,,,,,,,,,,,,,,,,,,,,,,,,,,,,,,,,,,,,,,,,,,,,,,,,,,,,,,,,,,,C:\Users\Dam Hieu\Desktop\CNDM - VIẾT BÁO + KLTN\prototype\data\processed\qt_clean.parquet,42.0,20819.0,2314.0,2571.0,22.0,19341.0,1478.0,2388.0,183.0,"la,ld,nf,nd,ns,ent,nrev,rtime,hcmt,self,ndev,age,nuc,app,aexp,rexp,arexp,rrexp,asexp,rsexp,asawr,rsawr",,,0.7404095824557863,0.3,True,val_recall,max_recall_with_precision_floor,0.3080357142857143,0.4207317073170731,0.3556701030927835,0.8221213840045378,5.0,0.2243766147161719,0.0078849371445075,0.7090609253321117,0.0101731674075286,0.3407804741756052,0.0088652512041305,0.8404684729939701,0.005987301283443,validation_threshold,True,0.9144531437629088,0.4225855901890649,0.5595399188092016,0.4815138282387191,0.911394312698126,0.891961970613656,0.3080357142857143,0.4207317073170731,0.3556701030927835,0.8221213840045378,0.897705173084403,0.3058252427184466,0.3442622950819672,0.3239074550128534,0.8030361278157637,0.0167479706785058,0.1167603474706183,0.2152776237272344,0.1576063732258656,0.1083581848823621,0.0224911731492528,0.1145498759033505,0.1388082114921284,0.1258437251459355,0.089272928693588,C:\Users\Dam Hieu\Desktop\CNDM - VIẾT BÁO + KLTN\prototype\models\metrics_tuned\qt\lgbm_candidate3.joblib,3.0,jitline_native_split,C:\Users\Dam Hieu\Desktop\CNDM - VIẾT BÁO + KLTN\prototype\data\splits\qt\manifest.json,2150.0,164.0,"{""colsample_bytree"": 0.75, ""learning_rate"": 0.03, ""max_depth"": 5, ""min_child_samples"": 30, ""n_estimators"": 300, ""num_leaves"": 15, ""reg_lambda"": 4.0, ""subsample"": 0.75}",recall_with_precision_floor,best_validation_threshold_candidate_cv_tiebreak,val_recall_then_val_f1_precision_floor_0.30,,,,,,paper-v1,frozen_baseline_vs_tuned
qt,rf,metrics_only,metrics_only,,False,paper-v1,tuned_best_table,2026-06-27T05:31:34,qt::rf,qt::rf::tuned_best_table,C:\Users\Dam Hieu\Desktop\CNDM - VIẾT BÁO + KLTN\prototype\results\tables\results_table.csv,,,,,,,,,,,,,,,,,,,,,,,,,,,,,,,,,,,,,,,,,,,,,,,,,,,,,,,,,,,,,,C:\Users\Dam Hieu\Desktop\CNDM - VIẾT BÁO + KLTN\prototype\data\processed\qt_clean.parquet,42.0,20819.0,2314.0,2571.0,22.0,19341.0,1478.0,2388.0,183.0,"la,ld,nf,nd,ns,ent,nrev,rtime,hcmt,self,ndev,age,nuc,app,aexp,rexp,arexp,rrexp,asexp,rsexp,asawr,rsawr",,,0.619177128353879,0.3,True,val_recall,max_recall_with_precision_floor,0.3073394495412844,0.4085365853658536,0.3507853403141361,0.8139988655700511,5.0,0.2979944761105686,0.011790886238767,0.5608749427393496,0.0187387822565337,0.3890451104460902,0.0122672588069448,0.8349612817761336,0.0110385351240221,validation_threshold,True,0.9271338681012536,0.4901365705614567,0.6556156968876861,0.5609261939218524,0.9477040822573346,0.8928262748487468,0.3073394495412844,0.4085365853658536,0.3507853403141361,0.8139988655700511,0.8953714507973551,0.2912621359223301,0.3278688524590163,0.3084832904884318,0.7924572772789267,0.0317624173038985,0.1988744346391266,0.3277468444286697,0.2524429034334205,0.1552468049784079,0.0343075932525068,0.1827971210201723,0.2470791115218324,0.2101408536077162,0.1337052166872835,C:\Users\Dam Hieu\Desktop\CNDM - VIẾT BÁO + KLTN\prototype\models\metrics_tuned\qt\rf_candidate3.joblib,3.0,jitline_native_split,C:\Users\Dam Hieu\Desktop\CNDM - VIẾT BÁO + KLTN\prototype\data\splits\qt\manifest.json,2150.0,164.0,"{""max_depth"": 10, ""max_features"": ""log2"", ""min_samples_leaf"": 6, ""min_samples_split"": 12, ""n_estimators"": 350}",recall_with_precision_floor,best_validation_threshold_candidate_cv_tiebreak,val_recall_then_val_f1_precision_floor_0.30,,,,,,paper-v1,frozen_baseline_vs_tuned
qt,xgb,metrics_only,metrics_only,,False,paper-v1,training,,qt::xgb,qt::xgb::training,C:\Users\Dam Hieu\Desktop\CNDM - VIẾT BÁO + KLTN\prototype\results\tables\results_table.csv,C:\Users\Dam Hieu\Desktop\CNDM - VIẾT BÁO + KLTN\prototype\data\processed\qt_clean.parquet,42.0,0.2,"rf,xgb,lgbm","la,ld,nf,nd,ns,ent,nrev,rtime,hcmt,self,ndev,age,nuc,app,aexp,rexp,arexp,rrexp,asexp,rsexp,asawr,rsawr",20819.0,2314.0,2571.0,22.0,"la,ld,nf,nd,ns,ent,nrev,rtime,hcmt,self,ndev,age,nuc,app,aexp,rexp,arexp,rrexp,asexp,rsexp,asawr,rsawr",,,0.7133405208587646,0.3,True,val_recall,max_recall_with_precision_floor,0.3125,0.4878048780487805,0.3809523809523809,0.8212081678956324,validation,True,0.8991306018540756,0.3652512998266898,0.5703653585926928,0.4453248811410459,0.8904433037461207,0.8876404494382022,0.3125,0.4878048780487805,0.3809523809523809,0.8212081678956324,0.8872034227926877,0.285140562248996,0.3879781420765027,0.3287037037037037,0.8037134671536187,0.0119271790613878,0.0801107375776938,0.18238721651619,0.1166211774373422,0.086729836592502,0.0114901524158733,0.0527512998266898,0.0825604805439123,0.064372500188665,0.0692351358504882,C:\Users\Dam Hieu\Desktop\CNDM - VIẾT BÁO + KLTN\prototype\models\metrics\xgb_qt.joblib,22.0,0.0,0.0,False,recall_with_precision_floor,.,,jitline_native_split,0.1,False,metrics_only,1.0,,,,,,,,,,,,,,,,,,,,,,,,,,,,,,,,,,,,,,,,,,,,,,,,,,,,,,,,,,,,,,,,,,,,,,,,,,paper-v1,frozen_baseline_vs_tuned
qt,xgb,metrics_only,metrics_only,,False,paper-v1,tuned_best_table,2026-06-27T05:31:34,qt::xgb,qt::xgb::tuned_best_table,C:\Users\Dam Hieu\Desktop\CNDM - VIẾT BÁO + KLTN\prototype\results\tables\results_table.csv,,,,,,,,,,,,,,,,,,,,,,,,,,,,,,,,,,,,,,,,,,,,,,,,,,,,,,,,,,,,,,C:\Users\Dam Hieu\Desktop\CNDM - VIẾT BÁO + KLTN\prototype\data\processed\qt_clean.parquet,42.0,20819.0,2314.0,2571.0,22.0,19341.0,1478.0,2388.0,183.0,"la,ld,nf,nd,ns,ent,nrev,rtime,hcmt,self,ndev,age,nuc,app,aexp,rexp,arexp,rrexp,asexp,rsexp,asawr,rsawr",,,0.7250896692276001,0.3,True,val_recall,max_recall_with_precision_floor,0.3008130081300813,0.4512195121951219,0.3609756097560975,0.8090243902439024,5.0,0.2034880540883346,0.0036498505376806,0.7448992212551534,0.0183532232807928,0.3196120772278399,0.0050729682107947,0.8406942735368649,0.0082501834148351,validation_threshold,True,0.8964887842835871,0.3460663938153706,0.5148849797023004,0.4139243948871362,0.8604182194373623,0.8867761452031115,0.3008130081300813,0.4512195121951219,0.3609756097560975,0.8090243902439024,0.8883702839362115,0.2719298245614035,0.3387978142076502,0.3017031630170316,0.7937970819489066,0.0081185003473756,0.0741365692539671,0.1760871654946501,0.1122212318701045,0.0666211374884556,0.0097126390804755,0.0452533856852893,0.0636654675071784,0.0529487851310386,0.0513938291934599,C:\Users\Dam Hieu\Desktop\CNDM - VIẾT BÁO + KLTN\prototype\models\metrics_tuned\qt\xgb_candidate1.joblib,1.0,jitline_native_split,C:\Users\Dam Hieu\Desktop\CNDM - VIẾT BÁO + KLTN\prototype\data\splits\qt\manifest.json,2150.0,164.0,"{""colsample_bytree"": 0.8, ""learning_rate"": 0.05, ""max_depth"": 2, ""min_child_weight"": 3, ""n_estimators"": 200, ""reg_lambda"": 2.0, ""subsample"": 0.8}",recall_with_precision_floor,best_validation_threshold_candidate_cv_tiebreak,val_recall_then_val_f1_precision_floor_0.30,,,,,,paper-v1,frozen_baseline_vs_tuned
