dataset_name,model,text_branch,delta_accuracy,relative_delta_accuracy,delta_precision,relative_delta_precision,delta_recall,relative_delta_recall,delta_f1,relative_delta_f1,delta_auc,relative_delta_auc
openstack,rf,tfidf,-0.024793388429752095,-0.03197674418604655,-0.021833655152685427,-0.07090930205551046,0.024539877300613466,0.03669724770642197,-0.016645521793085205,-0.039475847555160794,-0.0011240440373139204,-0.0013667833329073745
openstack,xgb,tfidf,-0.02554470323065361,-0.03278688524590159,-0.015456931488374237,-0.04852132406350521,0.07361963190184051,0.10434782608695654,-0.002505180871435697,-0.00570745555057524,0.012716404739893994,0.015319003537101462
openstack,lgbm,tfidf,-0.01126972201352372,-0.014464802314368438,0.003813972946590416,0.012088932107496406,0.10429447852760731,0.15178571428571422,0.0225940225940226,0.05224867724867727,0.013525296243381724,0.016358450171843047
qt,rf,tfidf,-0.026059898872034193,-0.028991778450887025,-0.050839964633068,-0.16803039158386887,0.07650273224043713,0.23728813559322023,-0.003501236059375523,-0.011215823986813119,-0.002459931716872088,-0.0031155446841561367
qt,xgb,tfidf,-0.033450019447685775,-0.03770276194651474,-0.029444359717350488,-0.10326261365662355,0.16393442622950816,0.42253521126760557,0.020777265154427793,0.0632097080754423,0.014704670895460903,0.018295912033847145
qt,lgbm,tfidf,-0.03228315830416184,-0.03596187175043331,-0.04683931842706218,-0.14645533367334937,0.14754098360655743,0.38028169014084523,0.011006332285544984,0.031391299828490975,0.024052411419575037,0.030069057849537336
jitfine,rf,tfidf,-0.02609489051094893,-0.03123634775010925,-0.0089328599910376,-0.04084361887468398,0.08421052631578946,0.2409638554216867,0.013729060735131027,0.05102909923840871,0.02978915821021111,0.04292891330808476
jitfine,xgb,tfidf,-0.014051094890510929,-0.01681589866783138,0.009937285351650005,0.04683816025618475,0.09263157894736851,0.280254777070064,0.03286813383431736,0.12718083633342547,0.07259519427940486,0.1081615987656295
jitfine,lgbm,tfidf,-0.014598540145985384,-0.017057569296375245,0.008101647602393597,0.035391407947298344,0.09473684210526306,0.3383458646616538,0.038481264521231906,0.15276772682113118,0.06954098533045894,0.10557168833283564
