dataset_name,model,feature_family,feature_set,text_feature_column,uses_commit_text,artifact_schema_version,artifact_stage,artifact_created_at,artifact_group_key,artifact_id,source_results_table,source_file,random_seed,test_size,stratified_split,configured_metrics,num_train_rows,num_val_rows,num_test_rows,num_features,train_num_clean,train_num_defective,test_num_clean,test_num_defective,train_label_distribution,test_label_distribution,selected_metrics,missing_metrics,dropped_all_nan_metrics,decision_threshold,threshold_precision_floor,threshold_constraint_met,threshold_selection_metric,threshold_selection_strategy,threshold_val_precision,threshold_val_recall,threshold_val_f1,threshold_val_auc,selection_data_source,test_metrics_report_only,train_accuracy,train_precision,train_recall,train_f1,train_auc,val_accuracy,val_precision,val_recall,val_f1,val_auc,accuracy,precision,recall,f1,auc,gap_train_test_accuracy,gap_train_test_precision,gap_train_test_recall,gap_train_test_f1,gap_train_test_auc,gap_train_val_accuracy,gap_train_val_precision,gap_train_val_recall,gap_train_val_f1,gap_train_val_auc,model_path,metrics_num_features,tfidf_num_features,tfidf_vocabulary_size,has_commit_text,threshold_strategy_requested,val_size,split_mode,feature_mode
jitfine,rf,metrics_plus_commit_text,metrics_plus_commit_text,commit_text,True,paper-v1,training,,jitfine::rf,jitfine::rf::training,C:\Users\Dam Hieu\Desktop\CNDM - VIẾT BÁO + KLTN\prototype\results\tables\hybrid_tfidf_results.csv,C:\Users\Dam Hieu\Desktop\CNDM - VIẾT BÁO + KLTN\prototype\data\processed\jitfine_clean.parquet,42,0.2,True,"la,ld,nf,ns,nd,entropy,ndev,lt,nuc,age,exp,rexp,sexp",16374,5465,5480,1013,14984,1390,5005,475,"0:14984,1:1390","0:5005,1:475","la,ld,nf,ns,nd,entropy,ndev,lt,nuc,age,exp,rexp,sexp",,,0.5414569193062632,0.3,True,val_recall,max_recall_with_precision_floor,0.300498753117207,0.5160599571734475,0.3798266351457841,0.7939621244643468,validation,True,0.8203249053377305,0.2718988830099941,0.6654676258992805,0.3860601001669449,0.82996812907389,0.855992680695334,0.300498753117207,0.5160599571734475,0.3798266351457841,0.7939621244643468,0.8093065693430657,0.20977596741344195,0.4336842105263158,0.28277282086479066,0.7237074504442926,0.01101833599466484,0.06212291559655214,0.23178341537296476,0.10328727930215426,0.10626067862959732,-0.03566777535760346,-0.028599870107212877,0.149407668725833,0.0062334650211608444,0.036006004609543174,C:\Users\Dam Hieu\Desktop\CNDM - VIẾT BÁO + KLTN\prototype\models\hybrid_tfidf\rf_jitfine.joblib,13,1000,1000,True,recall_with_precision_floor,0.1,jitline_native_split,metrics+tfidf
jitfine,xgb,metrics_plus_commit_text,metrics_plus_commit_text,commit_text,True,paper-v1,training,,jitfine::xgb,jitfine::xgb::training,C:\Users\Dam Hieu\Desktop\CNDM - VIẾT BÁO + KLTN\prototype\results\tables\hybrid_tfidf_results.csv,C:\Users\Dam Hieu\Desktop\CNDM - VIẾT BÁO + KLTN\prototype\data\processed\jitfine_clean.parquet,42,0.2,True,"la,ld,nf,ns,nd,entropy,ndev,lt,nuc,age,exp,rexp,sexp",16374,5465,5480,1013,14984,1390,5005,475,"0:14984,1:1390","0:5005,1:475","la,ld,nf,ns,nd,entropy,ndev,lt,nuc,age,exp,rexp,sexp",,,0.561337947845459,0.3,True,val_recall,max_recall_with_precision_floor,0.3006711409395973,0.4796573875802998,0.3696369636963696,0.7930531955823015,validation,True,0.8203249053377305,0.2822671156004489,0.7237410071942446,0.40613645538958415,0.8687262096356017,0.8602012808783166,0.3006711409395973,0.4796573875802998,0.3696369636963696,0.7930531955823015,0.8215328467153284,0.22209944751381216,0.4231578947368421,0.29130434782608694,0.7437686524002313,-0.001207941377597943,0.06016766808663676,0.3005831124574025,0.11483210756349721,0.12495755723537039,-0.039876375540586095,-0.018404025339148367,0.2440836196139448,0.036499491693214536,0.07567301405330018,C:\Users\Dam Hieu\Desktop\CNDM - VIẾT BÁO + KLTN\prototype\models\hybrid_tfidf\xgb_jitfine.joblib,13,1000,1000,True,recall_with_precision_floor,0.1,jitline_native_split,metrics+tfidf
jitfine,lgbm,metrics_plus_commit_text,metrics_plus_commit_text,commit_text,True,paper-v1,training,,jitfine::lgbm,jitfine::lgbm::training,C:\Users\Dam Hieu\Desktop\CNDM - VIẾT BÁO + KLTN\prototype\results\tables\hybrid_tfidf_results.csv,C:\Users\Dam Hieu\Desktop\CNDM - VIẾT BÁO + KLTN\prototype\data\processed\jitfine_clean.parquet,42,0.2,True,"la,ld,nf,ns,nd,entropy,ndev,lt,nuc,age,exp,rexp,sexp",16374,5465,5480,1013,14984,1390,5005,475,"0:14984,1:1390","0:5005,1:475","la,ld,nf,ns,nd,entropy,ndev,lt,nuc,age,exp,rexp,sexp",,,0.582141181185587,0.3,True,val_recall,max_recall_with_precision_floor,0.3053311793214863,0.40471092077087795,0.34806629834254144,0.7737844602509099,validation,True,0.8583119579821669,0.34602649006622516,0.7517985611510791,0.47392290249433106,0.9025779296477393,0.8704483074107959,0.3053311793214863,0.40471092077087795,0.34806629834254144,0.7737844602509099,0.8412408759124088,0.237017310252996,0.37473684210526315,0.2903752039151713,0.7282496450917504,0.017071082069758048,0.10900917981322916,0.377061719045816,0.18354769857915976,0.17432828455598892,-0.012136349428629067,0.040695310744738866,0.3470876403802012,0.12585660415178962,0.12879346939682945,C:\Users\Dam Hieu\Desktop\CNDM - VIẾT BÁO + KLTN\prototype\models\hybrid_tfidf\lgbm_jitfine.joblib,13,1000,1000,True,recall_with_precision_floor,0.1,jitline_native_split,metrics+tfidf
openstack,rf,metrics_plus_commit_text,metrics_plus_commit_text,commit_text,True,paper-v1,training,,openstack::rf,openstack::rf::training,C:\Users\Dam Hieu\Desktop\CNDM - VIẾT BÁO + KLTN\prototype\results\tables\hybrid_tfidf_results.csv,C:\Users\Dam Hieu\Desktop\CNDM - VIẾT BÁO + KLTN\prototype\data\processed\openstack_clean.parquet,42,0.2,True,"la,ld,nf,nd,ns,ent,nrev,rtime,hcmt,self,ndev,age,nuc,app,aexp,rexp,arexp,rrexp,asexp,rsexp,asawr,rsawr",10775,1198,1331,1022,9457,1318,1168,163,"0:9457,1:1318","0:1168,1:163","la,ld,nf,nd,ns,ent,nrev,rtime,hcmt,self,ndev,age,nuc,app,aexp,rexp,arexp,rrexp,asexp,rsexp,asawr,rsawr",,,0.4987665230194133,0.3,True,val_recall,max_recall_with_precision_floor,0.3029411764705882,0.7054794520547946,0.42386831275720166,0.8054716391478722,validation,True,0.794431554524362,0.35328753680078506,0.8194233687405159,0.4937142857142857,0.8835472531767864,0.7662771285475793,0.3029411764705882,0.7054794520547946,0.42386831275720166,0.8054716391478722,0.7505634861006761,0.28607594936708863,0.6932515337423313,0.4050179211469534,0.8212769980670646,0.043868068423685846,0.06721158743369643,0.12617183499818463,0.08869636456733232,0.06227025510972184,0.028154425976782638,0.05034636033019685,0.11394391668572135,0.06984597295708406,0.07807561402891416,C:\Users\Dam Hieu\Desktop\CNDM - VIẾT BÁO + KLTN\prototype\models\hybrid_tfidf\rf_openstack.joblib,22,1000,1000,True,recall_with_precision_floor,0.1,jitline_native_split,metrics+tfidf
openstack,xgb,metrics_plus_commit_text,metrics_plus_commit_text,commit_text,True,paper-v1,training,,openstack::xgb,openstack::xgb::training,C:\Users\Dam Hieu\Desktop\CNDM - VIẾT BÁO + KLTN\prototype\results\tables\hybrid_tfidf_results.csv,C:\Users\Dam Hieu\Desktop\CNDM - VIẾT BÁO + KLTN\prototype\data\processed\openstack_clean.parquet,42,0.2,True,"la,ld,nf,nd,ns,ent,nrev,rtime,hcmt,self,ndev,age,nuc,app,aexp,rexp,arexp,rrexp,asexp,rsexp,asawr,rsawr",10775,1198,1331,1022,9457,1318,1168,163,"0:9457,1:1318","0:1168,1:163","la,ld,nf,nd,ns,ent,nrev,rtime,hcmt,self,ndev,age,nuc,app,aexp,rexp,arexp,rrexp,asexp,rsexp,asawr,rsawr",,,0.4857492744922638,0.3,True,val_recall,max_recall_with_precision_floor,0.30337078651685395,0.7397260273972602,0.4302788844621514,0.8251536538361374,validation,True,0.7825522041763341,0.34446130500758726,0.8611532625189682,0.4920875785822675,0.9023325448965313,0.7612687813021702,0.30337078651685395,0.7397260273972602,0.4302788844621514,0.8251536538361374,0.7535687453042825,0.3031026252983294,0.7791411042944786,0.436426116838488,0.8428229262963274,0.02898345887205156,0.041358679709257884,0.0820121582244896,0.055661461743779506,0.05950961860020387,0.02128342287416385,0.04109051849073331,0.12142723512170794,0.06180869412011608,0.07717889106039388,C:\Users\Dam Hieu\Desktop\CNDM - VIẾT BÁO + KLTN\prototype\models\hybrid_tfidf\xgb_openstack.joblib,22,1000,1000,True,recall_with_precision_floor,0.1,jitline_native_split,metrics+tfidf
openstack,lgbm,metrics_plus_commit_text,metrics_plus_commit_text,commit_text,True,paper-v1,training,,openstack::lgbm,openstack::lgbm::training,C:\Users\Dam Hieu\Desktop\CNDM - VIẾT BÁO + KLTN\prototype\results\tables\hybrid_tfidf_results.csv,C:\Users\Dam Hieu\Desktop\CNDM - VIẾT BÁO + KLTN\prototype\data\processed\openstack_clean.parquet,42,0.2,True,"la,ld,nf,nd,ns,ent,nrev,rtime,hcmt,self,ndev,age,nuc,app,aexp,rexp,arexp,rrexp,asexp,rsexp,asawr,rsawr",10775,1198,1331,1022,9457,1318,1168,163,"0:9457,1:1318","0:1168,1:163","la,ld,nf,nd,ns,ent,nrev,rtime,hcmt,self,ndev,age,nuc,app,aexp,rexp,arexp,rrexp,asexp,rsexp,asawr,rsawr",,,0.466785568870866,0.3,True,val_recall,max_recall_with_precision_floor,0.30919220055710306,0.7602739726027398,0.4396039603960396,0.8316188343142872,validation,True,0.8132714617169373,0.39032869785082175,0.9370257966616085,0.5510932619366354,0.9395503615678859,0.7637729549248747,0.30919220055710306,0.7602739726027398,0.4396039603960396,0.8316188343142872,0.7678437265214124,0.3193069306930693,0.7914110429447853,0.455026455026455,0.840333221279099,0.0454277351955249,0.07102176715775244,0.1456147537168232,0.09606680691018044,0.09921714028878681,0.04949850679206258,0.08113649729371869,0.1767518240588687,0.11148930154059583,0.10793152725359867,C:\Users\Dam Hieu\Desktop\CNDM - VIẾT BÁO + KLTN\prototype\models\hybrid_tfidf\lgbm_openstack.joblib,22,1000,1000,True,recall_with_precision_floor,0.1,jitline_native_split,metrics+tfidf
qt,rf,metrics_plus_commit_text,metrics_plus_commit_text,commit_text,True,paper-v1,training,,qt::rf,qt::rf::training,C:\Users\Dam Hieu\Desktop\CNDM - VIẾT BÁO + KLTN\prototype\results\tables\hybrid_tfidf_results.csv,C:\Users\Dam Hieu\Desktop\CNDM - VIẾT BÁO + KLTN\prototype\data\processed\qt_clean.parquet,42,0.2,True,"la,ld,nf,nd,ns,ent,nrev,rtime,hcmt,self,ndev,age,nuc,app,aexp,rexp,arexp,rrexp,asexp,rsexp,asawr,rsawr",20819,2314,2571,1022,19341,1478,2388,183,"0:19341,1:1478","0:2388,1:183","la,ld,nf,nd,ns,ent,nrev,rtime,hcmt,self,ndev,age,nuc,app,aexp,rexp,arexp,rrexp,asexp,rsexp,asawr,rsawr",,,0.5619021614795279,0.3,True,val_recall,max_recall_with_precision_floor,0.3,0.5487804878048781,0.3879310344827586,0.8178020419739082,validation,True,0.9022527498919256,0.390912651782217,0.6752368064952639,0.4951624906970975,0.9085516622508685,0.8768366464995678,0.2976588628762542,0.5426829268292683,0.38444924406047515,0.8178020419739082,0.8728121353558926,0.2517241379310345,0.3989071038251366,0.3086680761099366,0.7871072118333013,0.029440614536032972,0.13918851385118253,0.27632970267012724,0.18649441458716093,0.12144445041756713,0.02541610339235778,0.09325378890596281,0.13255387966599552,0.11071324663662235,0.09074962027696032,C:\Users\Dam Hieu\Desktop\CNDM - VIẾT BÁO + KLTN\prototype\models\hybrid_tfidf\rf_qt.joblib,22,1000,1000,True,recall_with_precision_floor,0.1,jitline_native_split,metrics+tfidf
qt,xgb,metrics_plus_commit_text,metrics_plus_commit_text,commit_text,True,paper-v1,training,,qt::xgb,qt::xgb::training,C:\Users\Dam Hieu\Desktop\CNDM - VIẾT BÁO + KLTN\prototype\results\tables\hybrid_tfidf_results.csv,C:\Users\Dam Hieu\Desktop\CNDM - VIẾT BÁO + KLTN\prototype\data\processed\qt_clean.parquet,42,0.2,True,"la,ld,nf,nd,ns,ent,nrev,rtime,hcmt,self,ndev,age,nuc,app,aexp,rexp,arexp,rrexp,asexp,rsexp,asawr,rsawr",20819,2314,2571,1022,19341,1478,2388,183,"0:19341,1:1478","0:2388,1:183","la,ld,nf,nd,ns,ent,nrev,rtime,hcmt,self,ndev,age,nuc,app,aexp,rexp,arexp,rrexp,asexp,rsexp,asawr,rsawr",,,0.6115847826004028,0.3,True,val_recall,max_recall_with_precision_floor,0.300561797752809,0.6524390243902439,0.4115384615384615,0.8585677821894498,validation,True,0.8788126230846822,0.34036052551176293,0.7537212449255751,0.4689539044411703,0.9180163134412869,0.867761452031115,0.300561797752809,0.6524390243902439,0.4115384615384615,0.8585677821894498,0.8537534033450019,0.25569620253164554,0.5519125683060109,0.3494809688581315,0.8184181380490796,0.025059219739680283,0.08466432298011739,0.20180867661956425,0.11947293558303879,0.09959817539220728,0.011051171053567233,0.03979872775895393,0.1012822205353312,0.05741544290270878,0.05944853125183702,C:\Users\Dam Hieu\Desktop\CNDM - VIẾT BÁO + KLTN\prototype\models\hybrid_tfidf\xgb_qt.joblib,22,1000,1000,True,recall_with_precision_floor,0.1,jitline_native_split,metrics+tfidf
qt,lgbm,metrics_plus_commit_text,metrics_plus_commit_text,commit_text,True,paper-v1,training,,qt::lgbm,qt::lgbm::training,C:\Users\Dam Hieu\Desktop\CNDM - VIẾT BÁO + KLTN\prototype\results\tables\hybrid_tfidf_results.csv,C:\Users\Dam Hieu\Desktop\CNDM - VIẾT BÁO + KLTN\prototype\data\processed\qt_clean.parquet,42,0.2,True,"la,ld,nf,nd,ns,ent,nrev,rtime,hcmt,self,ndev,age,nuc,app,aexp,rexp,arexp,rrexp,asexp,rsexp,asawr,rsawr",20819,2314,2571,1022,19341,1478,2388,183,"0:19341,1:1478","0:2388,1:183","la,ld,nf,nd,ns,ent,nrev,rtime,hcmt,self,ndev,age,nuc,app,aexp,rexp,arexp,rrexp,asexp,rsexp,asawr,rsawr",,,0.6088471512155769,0.3,True,val_recall,max_recall_with_precision_floor,0.3008849557522124,0.6219512195121951,0.40556660039761433,0.8665825297787861,validation,True,0.8971612469378932,0.39268371641307864,0.8207036535859269,0.5312021020363477,0.9463028018122718,0.8707865168539326,0.3008849557522124,0.6219512195121951,0.40556660039761433,0.8665825297787861,0.8654220147802412,0.27298050139275765,0.5355191256830601,0.36162361623616235,0.823958133106333,0.031739232157652064,0.119703215020321,0.28518452790286675,0.1695784858001853,0.12234466870593874,0.02637473008396063,0.09179876066086623,0.19875243407373178,0.12563550163873333,0.07972027203348564,C:\Users\Dam Hieu\Desktop\CNDM - VIẾT BÁO + KLTN\prototype\models\hybrid_tfidf\lgbm_qt.joblib,22,1000,1000,True,recall_with_precision_floor,0.1,jitline_native_split,metrics+tfidf
