dataset_name,model,candidate_index,split_mode,source_file,split_manifest_path,random_seed,num_train_rows,num_val_rows,num_test_rows,train_num_clean,train_num_defective,val_num_clean,val_num_defective,test_num_clean,test_num_defective,num_features,selected_metrics,missing_metrics,dropped_all_nan_metrics,params_json,model_path,cv_folds,cv_mean_precision,cv_std_precision,cv_mean_recall,cv_std_recall,cv_mean_f1,cv_std_f1,cv_mean_auc,cv_std_auc,decision_threshold,threshold_precision_floor,threshold_constraint_met,threshold_strategy_requested,threshold_val_precision,threshold_val_recall,threshold_val_f1,threshold_val_auc,threshold_selection_metric,threshold_selection_strategy,train_accuracy,train_precision,train_recall,train_f1,train_auc,val_accuracy,val_precision,val_recall,val_f1,val_auc,accuracy,precision,recall,f1,auc,gap_train_val_accuracy,gap_train_val_precision,gap_train_val_recall,gap_train_val_f1,gap_train_val_auc,gap_train_test_accuracy,gap_train_test_precision,gap_train_test_recall,gap_train_test_f1,gap_train_test_auc,selection_data_source,selection_strategy,test_metrics_report_only,selection_metric
cm1,rf,3,saved_split,C:\Users\Dam Hieu\Desktop\CNDM - VIẾT BÁO + KLTN\prototype\data\processed\cm1_clean.parquet,C:\Users\Dam Hieu\Desktop\CNDM - VIẾT BÁO + KLTN\prototype\data\splits\cm1\manifest.json,42,348,49,101,314,34,44,5,91,10,5,"loc,v(g),ev(g),iv(g),branchCount",,,"{""max_depth"": 6, ""max_features"": ""log2"", ""min_samples_leaf"": 5, ""min_samples_split"": 10, ""n_estimators"": 250}",C:\Users\Dam Hieu\Desktop\CNDM - VIẾT BÁO + KLTN\prototype\models\metrics_tuned\cm1\rf_candidate3.joblib,5,0.31358543417366946,0.1365775316557412,0.5619047619047619,0.1487666604934601,0.3886420596946913,0.11541743515535602,0.8178601906712506,0.0790709927884579,0.6723309067105504,0.3,True,recall_with_precision_floor,0.3333333333333333,0.2,0.25,0.525,val_recall,max_recall_with_precision_floor,0.9396551724137931,0.7241379310344828,0.6176470588235294,0.6666666666666666,0.9531659797677032,0.8775510204081632,0.3333333333333333,0.2,0.25,0.525,0.8712871287128713,0.2857142857142857,0.2,0.23529411764705882,0.5873626373626373,0.06210415200562991,0.39080459770114945,0.4176470588235294,0.41666666666666663,0.4281659797677032,0.06836804370092187,0.43842364532019706,0.4176470588235294,0.4313725490196078,0.36580334240506596,validation_threshold,best_validation_threshold_candidate_cv_tiebreak,True,val_recall_then_val_f1_precision_floor_0.30
cm1,xgb,2,saved_split,C:\Users\Dam Hieu\Desktop\CNDM - VIẾT BÁO + KLTN\prototype\data\processed\cm1_clean.parquet,C:\Users\Dam Hieu\Desktop\CNDM - VIẾT BÁO + KLTN\prototype\data\splits\cm1\manifest.json,42,348,49,101,314,34,44,5,91,10,5,"loc,v(g),ev(g),iv(g),branchCount",,,"{""colsample_bytree"": 0.75, ""learning_rate"": 0.04, ""max_depth"": 2, ""min_child_weight"": 6, ""n_estimators"": 150, ""reg_lambda"": 5.0, ""subsample"": 0.75}",C:\Users\Dam Hieu\Desktop\CNDM - VIẾT BÁO + KLTN\prototype\models\metrics_tuned\cm1\xgb_candidate2.joblib,5,0.25936507936507935,0.07049191873687256,0.7428571428571429,0.26186146828319085,0.3778978978978979,0.099705069075114,0.8265111062346084,0.08026368731787424,0.75566166639328,0.3,True,recall_with_precision_floor,0.5,0.2,0.2857142857142857,0.42500000000000004,val_recall,max_recall_with_precision_floor,0.9281609195402298,0.6956521739130435,0.47058823529411764,0.5614035087719298,0.9134507306107156,0.8979591836734694,0.5,0.2,0.2857142857142857,0.42500000000000004,0.8910891089108911,0.4,0.2,0.26666666666666666,0.6082417582417583,0.03020173586676045,0.19565217391304346,0.27058823529411763,0.2756892230576441,0.48845073061071553,0.03707181062933873,0.29565217391304344,0.27058823529411763,0.29473684210526313,0.3052089723689573,validation_threshold,best_validation_threshold_candidate_cv_tiebreak,True,val_recall_then_val_f1_precision_floor_0.30
cm1,lgbm,3,saved_split,C:\Users\Dam Hieu\Desktop\CNDM - VIẾT BÁO + KLTN\prototype\data\processed\cm1_clean.parquet,C:\Users\Dam Hieu\Desktop\CNDM - VIẾT BÁO + KLTN\prototype\data\splits\cm1\manifest.json,42,348,49,101,314,34,44,5,91,10,5,"loc,v(g),ev(g),iv(g),branchCount",,,"{""colsample_bytree"": 0.7, ""learning_rate"": 0.03, ""max_depth"": 4, ""min_child_samples"": 30, ""n_estimators"": 180, ""num_leaves"": 11, ""reg_lambda"": 6.0, ""subsample"": 0.7}",C:\Users\Dam Hieu\Desktop\CNDM - VIẾT BÁO + KLTN\prototype\models\metrics_tuned\cm1\lgbm_candidate3.joblib,5,0.24997589600675157,0.07254061510633489,0.7714285714285715,0.2649605284427344,0.3710002278423331,0.10101179828988519,0.8351998146929022,0.0932275767686693,0.07109832733869113,0.3,False,recall_with_precision_floor,0.1282051282051282,1.0,0.22727272727272727,0.4340909090909091,val_f1,fallback_max_f1_precision_floor_unmet,0.3390804597701149,0.12878787878787878,1.0,0.22818791946308725,0.9165417759460472,0.30612244897959184,0.1282051282051282,1.0,0.22727272727272727,0.4340909090909091,0.31683168316831684,0.10666666666666667,0.8,0.18823529411764706,0.610989010989011,0.032958010790523073,0.0005827505827505908,0.0,0.0009151921903599869,0.48245086685513816,0.02224877660179808,0.02212121212121211,0.19999999999999996,0.039952625345440196,0.3055527649570362,validation_threshold,best_validation_threshold_candidate_cv_tiebreak,True,val_recall_then_val_f1_precision_floor_0.30
jitfine,rf,1,jitline_native_split,C:\Users\Dam Hieu\Desktop\CNDM - VIẾT BÁO + KLTN\prototype\data\processed\jitfine_clean.parquet,C:\Users\Dam Hieu\Desktop\CNDM - VIẾT BÁO + KLTN\prototype\data\splits\jitfine\manifest.json,42,16374,5465,5480,14984,1390,4998,467,5005,475,13,"la,ld,nf,ns,nd,entropy,ndev,lt,nuc,age,exp,rexp,sexp",,,"{""max_depth"": 6, ""max_features"": ""sqrt"", ""min_samples_leaf"": 4, ""min_samples_split"": 8, ""n_estimators"": 250}",C:\Users\Dam Hieu\Desktop\CNDM - VIẾT BÁO + KLTN\prototype\models\metrics_tuned\jitfine\rf_candidate1.joblib,5,0.1990159924655638,0.007545685997264433,0.6827338129496402,0.04103873581856593,0.3080452522037572,0.01175806773308039,0.7790115404839513,0.01168840355918853,0.5779274800843901,0.3,True,recall_with_precision_floor,0.3061516452074392,0.4582441113490364,0.3670668953687822,0.7881572329145792,val_recall,max_recall_with_precision_floor,0.8110418956882863,0.25601374570446733,0.6431654676258993,0.3662433428922573,0.8283052042082297,0.8649588289112534,0.3061516452074392,0.4582441113490364,0.3670668953687822,0.7881572329145792,0.8217153284671533,0.20539906103286384,0.3684210526315789,0.26375282592313487,0.7012557968347441,-0.05391693322296709,-0.05013789950297187,0.1849213562768629,-0.0008235524765248803,0.04014797129365055,-0.01067343277886701,0.05061468467160349,0.2747444149943204,0.10249051696912242,0.12704940737348558,validation_threshold,best_validation_threshold_candidate_cv_tiebreak,True,val_recall_then_val_f1_precision_floor_0.30
jitfine,xgb,1,jitline_native_split,C:\Users\Dam Hieu\Desktop\CNDM - VIẾT BÁO + KLTN\prototype\data\processed\jitfine_clean.parquet,C:\Users\Dam Hieu\Desktop\CNDM - VIẾT BÁO + KLTN\prototype\data\splits\jitfine\manifest.json,42,16374,5465,5480,14984,1390,4998,467,5005,475,13,"la,ld,nf,ns,nd,entropy,ndev,lt,nuc,age,exp,rexp,sexp",,,"{""colsample_bytree"": 0.8, ""learning_rate"": 0.05, ""max_depth"": 2, ""min_child_weight"": 3, ""n_estimators"": 200, ""reg_lambda"": 2.0, ""subsample"": 0.8}",C:\Users\Dam Hieu\Desktop\CNDM - VIẾT BÁO + KLTN\prototype\models\metrics_tuned\jitfine\xgb_candidate1.joblib,5,0.19724633838242697,0.007078369615947409,0.706474820143885,0.035361743100559756,0.3082777698498811,0.010681563603970894,0.7870281672319482,0.011503617022034302,0.5879729986190796,0.3,True,recall_with_precision_floor,0.30185979971387694,0.4518201284796574,0.36192109777015435,0.7838482287990143,val_recall,max_recall_with_precision_floor,0.8076829119335532,0.25063793592288064,0.6359712230215827,0.3595688427903193,0.808824256665143,0.8638609332113449,0.30185979971387694,0.4518201284796574,0.36192109777015435,0.7838482287990143,0.8182481751824817,0.20697412823397077,0.3873684210526316,0.2697947214076246,0.7008202323991798,-0.0561780212777917,-0.0512218637909963,0.1841510945419253,-0.0023522549798350445,0.024976027866128736,-0.01056526324892848,0.04366380768890987,0.24860280196895113,0.0897741213826947,0.10800402426596323,validation_threshold,best_validation_threshold_candidate_cv_tiebreak,True,val_recall_then_val_f1_precision_floor_0.30
jitfine,lgbm,1,jitline_native_split,C:\Users\Dam Hieu\Desktop\CNDM - VIẾT BÁO + KLTN\prototype\data\processed\jitfine_clean.parquet,C:\Users\Dam Hieu\Desktop\CNDM - VIẾT BÁO + KLTN\prototype\data\splits\jitfine\manifest.json,42,16374,5465,5480,14984,1390,4998,467,5005,475,13,"la,ld,nf,ns,nd,entropy,ndev,lt,nuc,age,exp,rexp,sexp",,,"{""colsample_bytree"": 0.8, ""learning_rate"": 0.05, ""max_depth"": 3, ""min_child_samples"": 20, ""n_estimators"": 200, ""num_leaves"": 7, ""reg_lambda"": 2.0, ""subsample"": 0.8}",C:\Users\Dam Hieu\Desktop\CNDM - VIẾT BÁO + KLTN\prototype\models\metrics_tuned\jitfine\lgbm_candidate1.joblib,5,0.2066610522825505,0.0068192546560245865,0.7050359712230214,0.028956275967623187,0.31953044917878987,0.009655632269750105,0.7915812661136962,0.010716800660097786,0.596460055379883,0.3,True,recall_with_precision_floor,0.3052959501557632,0.4197002141327623,0.3534715960324617,0.7578693147494543,val_recall,max_recall_with_precision_floor,0.8221570782948577,0.2689738919247116,0.637410071942446,0.3783091374893254,0.8304338296581102,0.8688014638609333,0.3052959501557632,0.4197002141327623,0.3534715960324617,0.7578693147494543,0.8259124087591241,0.20685434516523868,0.35578947368421054,0.26160990712074306,0.6850353856669645,-0.04664438556607553,-0.03632205823105161,0.21770985780968372,0.024837541456863677,0.0725645149086559,-0.0037553304642663488,0.06211954675947293,0.2816205982582355,0.11669923036858232,0.14539844399114565,validation_threshold,best_validation_threshold_candidate_cv_tiebreak,True,val_recall_then_val_f1_precision_floor_0.30
jm1,rf,1,saved_split,C:\Users\Dam Hieu\Desktop\CNDM - VIẾT BÁO + KLTN\prototype\data\processed\jm1_clean.parquet,C:\Users\Dam Hieu\Desktop\CNDM - VIẾT BÁO + KLTN\prototype\data\splits\jm1\manifest.json,42,9242,1320,2642,7770,1472,1110,210,2221,421,5,"loc,v(g),ev(g),iv(g),branchCount",,,"{""max_depth"": 6, ""max_features"": ""sqrt"", ""min_samples_leaf"": 4, ""min_samples_split"": 8, ""n_estimators"": 250}",C:\Users\Dam Hieu\Desktop\CNDM - VIẾT BÁO + KLTN\prototype\models\metrics_tuned\jm1\rf_candidate1.joblib,5,0.2863853737138029,0.015781725008663986,0.5991629194050502,0.024371102418119576,0.38722475690576647,0.0165309567487483,0.7246462779427152,0.013774972243063966,0.5068340036581894,0.3,True,recall_with_precision_floor,0.3,0.6142857142857143,0.403125,0.7277670527670528,val_recall,max_recall_with_precision_floor,0.7117507033109717,0.30786589297227596,0.6487771739130435,0.4175776125929165,0.7582129829752113,0.7106060606060606,0.3,0.6142857142857143,0.403125,0.7277670527670528,0.6990915972747919,0.2922222222222222,0.6247030878859857,0.3981831945495837,0.7347410434408759,0.001144642704911103,0.007865892972275967,0.034491459627329135,0.01445261259291647,0.030445930208158556,0.012659106036179812,0.01564367075005374,0.02407408602705774,0.019394418043332806,0.023471939534335462,validation_threshold,best_validation_threshold_candidate_cv_tiebreak,True,val_recall_then_val_f1_precision_floor_0.30
jm1,xgb,2,saved_split,C:\Users\Dam Hieu\Desktop\CNDM - VIẾT BÁO + KLTN\prototype\data\processed\jm1_clean.parquet,C:\Users\Dam Hieu\Desktop\CNDM - VIẾT BÁO + KLTN\prototype\data\splits\jm1\manifest.json,42,9242,1320,2642,7770,1472,1110,210,2221,421,5,"loc,v(g),ev(g),iv(g),branchCount",,,"{""colsample_bytree"": 0.8, ""learning_rate"": 0.05, ""max_depth"": 3, ""min_child_weight"": 5, ""n_estimators"": 250, ""reg_lambda"": 3.0, ""subsample"": 0.8}",C:\Users\Dam Hieu\Desktop\CNDM - VIẾT BÁO + KLTN\prototype\models\metrics_tuned\jm1\xgb_candidate2.joblib,5,0.28649577574276724,0.013816971773129752,0.6202398247434566,0.017694114116944864,0.391803762070562,0.015040251921812216,0.7231426381166954,0.017043438387228875,0.5167627930641174,0.3,True,recall_with_precision_floor,0.3037383177570093,0.6190476190476191,0.40752351097178685,0.7269305019305019,val_recall,max_recall_with_precision_floor,0.7148885522614152,0.3107712333224862,0.6487771739130435,0.42024202420242024,0.7581170699037547,0.7136363636363636,0.3037383177570093,0.6190476190476191,0.40752351097178685,0.7269305019305019,0.7100681302043906,0.30103806228373703,0.6199524940617577,0.4052795031055901,0.7353057245618106,0.001252188625051609,0.0070329155654768605,0.02972955486542439,0.012718513230633388,0.03118656797325281,0.004820422057024598,0.009733171038749155,0.028824679851285784,0.014962521096830161,0.022811345341944067,validation_threshold,best_validation_threshold_candidate_cv_tiebreak,True,val_recall_then_val_f1_precision_floor_0.30
jm1,lgbm,3,saved_split,C:\Users\Dam Hieu\Desktop\CNDM - VIẾT BÁO + KLTN\prototype\data\processed\jm1_clean.parquet,C:\Users\Dam Hieu\Desktop\CNDM - VIẾT BÁO + KLTN\prototype\data\splits\jm1\manifest.json,42,9242,1320,2642,7770,1472,1110,210,2221,421,5,"loc,v(g),ev(g),iv(g),branchCount",,,"{""colsample_bytree"": 0.75, ""learning_rate"": 0.03, ""max_depth"": 5, ""min_child_samples"": 30, ""n_estimators"": 300, ""num_leaves"": 15, ""reg_lambda"": 4.0, ""subsample"": 0.75}",C:\Users\Dam Hieu\Desktop\CNDM - VIẾT BÁO + KLTN\prototype\models\metrics_tuned\jm1\lgbm_candidate3.joblib,5,0.28377776609448907,0.016278359817494863,0.6324801106883432,0.018873333741140735,0.3915769005746764,0.017821727296923207,0.7216534197388574,0.01597709462999466,0.5304210683164149,0.3,True,recall_with_precision_floor,0.30455635491606714,0.6047619047619047,0.405103668261563,0.7251866151866152,val_recall,max_recall_with_precision_floor,0.7283055615667604,0.3234794427454978,0.6467391304347826,0.43125707814269537,0.7662680197666611,0.7174242424242424,0.30455635491606714,0.6047619047619047,0.405103668261563,0.7251866151866152,0.708554125662377,0.293491124260355,0.5890736342042755,0.39178515007898895,0.7339998994696488,0.010881319142517998,0.01892308782943064,0.04197722567287787,0.02615340988113235,0.041081404580045944,0.01975143590438344,0.029988318485142773,0.057665496230507096,0.03947192806370642,0.032268120297012315,validation_threshold,best_validation_threshold_candidate_cv_tiebreak,True,val_recall_then_val_f1_precision_floor_0.30
kc1,rf,1,saved_split,C:\Users\Dam Hieu\Desktop\CNDM - VIẾT BÁO + KLTN\prototype\data\processed\kc1_clean.parquet,C:\Users\Dam Hieu\Desktop\CNDM - VIẾT BÁO + KLTN\prototype\data\splits\kc1\manifest.json,42,1476,210,423,1248,228,177,33,358,65,5,"loc,v(g),ev(g),iv(g),branchCount",,,"{""max_depth"": 4, ""max_features"": ""sqrt"", ""min_samples_leaf"": 3, ""min_samples_split"": 6, ""n_estimators"": 150}",C:\Users\Dam Hieu\Desktop\CNDM - VIẾT BÁO + KLTN\prototype\models\metrics_tuned\kc1\rf_candidate1.joblib,5,0.2752110164116174,0.007894077207434633,0.728695652173913,0.09147396253746876,0.39774985565988896,0.011682458361390747,0.7795005319830045,0.01625865565959164,0.4151916113962419,0.3,True,recall_with_precision_floor,0.30927835051546393,0.9090909090909091,0.46153846153846156,0.8329053244307483,val_recall,max_recall_with_precision_floor,0.5752032520325203,0.25461254612546125,0.9078947368421053,0.3976945244956772,0.8162973037561853,0.6666666666666666,0.30927835051546393,0.9090909090909091,0.46153846153846156,0.8329053244307483,0.5626477541371159,0.24789915966386555,0.9076923076923077,0.38943894389438943,0.7994413407821228,-0.09146341463414631,-0.05466580439000268,-0.0011961722488037507,-0.06384393704278435,-0.016608020674563018,0.012555497895404444,0.006713386461595694,0.00020242914979762272,0.008255580601287782,0.016855962974062444,validation_threshold,best_validation_threshold_candidate_cv_tiebreak,True,val_recall_then_val_f1_precision_floor_0.30
kc1,xgb,1,saved_split,C:\Users\Dam Hieu\Desktop\CNDM - VIẾT BÁO + KLTN\prototype\data\processed\kc1_clean.parquet,C:\Users\Dam Hieu\Desktop\CNDM - VIẾT BÁO + KLTN\prototype\data\splits\kc1\manifest.json,42,1476,210,423,1248,228,177,33,358,65,5,"loc,v(g),ev(g),iv(g),branchCount",,,"{""colsample_bytree"": 0.8, ""learning_rate"": 0.05, ""max_depth"": 2, ""min_child_weight"": 5, ""n_estimators"": 120, ""reg_lambda"": 4.0, ""subsample"": 0.8}",C:\Users\Dam Hieu\Desktop\CNDM - VIẾT BÁO + KLTN\prototype\models\metrics_tuned\kc1\xgb_candidate1.joblib,5,0.265177138371224,0.01244732911969741,0.7899516908212559,0.10457454347024572,0.39469517751501537,0.013315564070680972,0.7810000745009023,0.017814808680053553,0.47680678963661194,0.3,True,recall_with_precision_floor,0.3409090909090909,0.9090909090909091,0.49586776859504134,0.8401814757746962,val_recall,max_recall_with_precision_floor,0.5968834688346883,0.2626131953428202,0.8903508771929824,0.40559440559440557,0.8103790626405758,0.7095238095238096,0.3409090909090909,0.9090909090909091,0.49586776859504134,0.8401814757746962,0.5650118203309693,0.24242424242424243,0.8615384615384616,0.3783783783783784,0.788268156424581,-0.11264034068912121,-0.0782958955662707,-0.018740031897926612,-0.09027336300063576,-0.029802413134120354,0.03187164850371904,0.02018895291857775,0.028812415654520862,0.027216027216027172,0.022110906215994763,validation_threshold,best_validation_threshold_candidate_cv_tiebreak,True,val_recall_then_val_f1_precision_floor_0.30
kc1,lgbm,3,saved_split,C:\Users\Dam Hieu\Desktop\CNDM - VIẾT BÁO + KLTN\prototype\data\processed\kc1_clean.parquet,C:\Users\Dam Hieu\Desktop\CNDM - VIẾT BÁO + KLTN\prototype\data\splits\kc1\manifest.json,42,1476,210,423,1248,228,177,33,358,65,5,"loc,v(g),ev(g),iv(g),branchCount",,,"{""colsample_bytree"": 0.7, ""learning_rate"": 0.03, ""max_depth"": 4, ""min_child_samples"": 30, ""n_estimators"": 180, ""num_leaves"": 11, ""reg_lambda"": 6.0, ""subsample"": 0.7}",C:\Users\Dam Hieu\Desktop\CNDM - VIẾT BÁO + KLTN\prototype\models\metrics_tuned\kc1\lgbm_candidate3.joblib,5,0.274810523169577,0.005726690162485966,0.7502415458937198,0.061567958792766685,0.4015823230927566,0.008711656788637525,0.7769064059135091,0.014358723259212265,0.447638707875585,0.3,True,recall_with_precision_floor,0.3157894736842105,0.9090909090909091,0.46875,0.8447183701420989,val_recall,max_recall_with_precision_floor,0.5718157181571816,0.25485436893203883,0.9210526315789473,0.39923954372623577,0.8224492521367521,0.6761904761904762,0.3157894736842105,0.9090909090909091,0.46875,0.8447183701420989,0.5508274231678487,0.24066390041493776,0.8923076923076924,0.3790849673202614,0.7915556510528579,-0.10437475803329466,-0.060935104752171676,0.011961722488038284,-0.06951045627376423,-0.02226911800534681,0.020988294989332856,0.014190468517101068,0.028744939271254988,0.020154576405974345,0.030893601083894273,validation_threshold,best_validation_threshold_candidate_cv_tiebreak,True,val_recall_then_val_f1_precision_floor_0.30
openstack,rf,3,jitline_native_split,C:\Users\Dam Hieu\Desktop\CNDM - VIẾT BÁO + KLTN\prototype\data\processed\openstack_clean.parquet,C:\Users\Dam Hieu\Desktop\CNDM - VIẾT BÁO + KLTN\prototype\data\splits\openstack\manifest.json,42,10775,1198,1331,9457,1318,1052,146,1168,163,22,"la,ld,nf,nd,ns,ent,nrev,rtime,hcmt,self,ndev,age,nuc,app,aexp,rexp,arexp,rrexp,asexp,rsexp,asawr,rsawr",,,"{""max_depth"": 10, ""max_features"": ""log2"", ""min_samples_leaf"": 6, ""min_samples_split"": 12, ""n_estimators"": 350}",C:\Users\Dam Hieu\Desktop\CNDM - VIẾT BÁO + KLTN\prototype\models\metrics_tuned\openstack\rf_candidate3.joblib,5,0.3431722911091375,0.01693906594852165,0.5788570111764029,0.028832711505859938,0.4307231587370701,0.019530537734014412,0.811373402480062,0.011092335056784076,0.44490999168491313,0.3,True,recall_with_precision_floor,0.3003194888178914,0.6438356164383562,0.4095860566448802,0.802222772019376,val_recall,max_recall_with_precision_floor,0.8232946635730859,0.40226817878585724,0.9150227617602428,0.5588507877664504,0.9379575758849696,0.7737896494156928,0.3003194888178914,0.6438356164383562,0.4095860566448802,0.802222772019376,0.772351615326822,0.3087431693989071,0.6932515337423313,0.42722117202268434,0.8255473149004118,0.04950501415739306,0.10194868996796586,0.2711871453218866,0.14926473112157018,0.13573480386559367,0.050943048246263944,0.09352500938695013,0.2217712280179115,0.13162961574376603,0.11241026098455786,validation_threshold,best_validation_threshold_candidate_cv_tiebreak,True,val_recall_then_val_f1_precision_floor_0.30
openstack,xgb,2,jitline_native_split,C:\Users\Dam Hieu\Desktop\CNDM - VIẾT BÁO + KLTN\prototype\data\processed\openstack_clean.parquet,C:\Users\Dam Hieu\Desktop\CNDM - VIẾT BÁO + KLTN\prototype\data\splits\openstack\manifest.json,42,10775,1198,1331,9457,1318,1052,146,1168,163,22,"la,ld,nf,nd,ns,ent,nrev,rtime,hcmt,self,ndev,age,nuc,app,aexp,rexp,arexp,rrexp,asexp,rsexp,asawr,rsawr",,,"{""colsample_bytree"": 0.8, ""learning_rate"": 0.05, ""max_depth"": 3, ""min_child_weight"": 5, ""n_estimators"": 250, ""reg_lambda"": 3.0, ""subsample"": 0.8}",C:\Users\Dam Hieu\Desktop\CNDM - VIẾT BÁO + KLTN\prototype\models\metrics_tuned\openstack\xgb_candidate2.joblib,5,0.29594295375923707,0.008773352160459394,0.7291364212466874,0.010020734152260841,0.4209713700805436,0.010261497561180069,0.8235851194117203,0.009329564251775177,0.559322714805603,0.3,True,recall_with_precision_floor,0.3018867924528302,0.6575342465753424,0.41379310344827586,0.8079327048283764,val_recall,max_recall_with_precision_floor,0.8037122969837587,0.3589380530973451,0.7693474962063733,0.4895003620564808,0.8782354938405815,0.7729549248747913,0.3018867924528302,0.6575342465753424,0.41379310344827586,0.8079327048283764,0.7806160781367393,0.31932773109243695,0.6993865030674846,0.43846153846153846,0.8300434910496679,0.03075737210896734,0.057051260644514934,0.1118132496310309,0.07570725860820493,0.0703027890122051,0.0230962188470194,0.03961032200490816,0.0699609931388887,0.05103882359494233,0.048192002790913624,validation_threshold,best_validation_threshold_candidate_cv_tiebreak,True,val_recall_then_val_f1_precision_floor_0.30
openstack,lgbm,1,jitline_native_split,C:\Users\Dam Hieu\Desktop\CNDM - VIẾT BÁO + KLTN\prototype\data\processed\openstack_clean.parquet,C:\Users\Dam Hieu\Desktop\CNDM - VIẾT BÁO + KLTN\prototype\data\splits\openstack\manifest.json,42,10775,1198,1331,9457,1318,1052,146,1168,163,22,"la,ld,nf,nd,ns,ent,nrev,rtime,hcmt,self,ndev,age,nuc,app,aexp,rexp,arexp,rrexp,asexp,rsexp,asawr,rsawr",,,"{""colsample_bytree"": 0.8, ""learning_rate"": 0.05, ""max_depth"": 3, ""min_child_samples"": 20, ""n_estimators"": 200, ""num_leaves"": 7, ""reg_lambda"": 2.0, ""subsample"": 0.8}",C:\Users\Dam Hieu\Desktop\CNDM - VIẾT BÁO + KLTN\prototype\models\metrics_tuned\openstack\lgbm_candidate1.joblib,5,0.29153556790323937,0.011500114591263596,0.7374755156123978,0.015149671180370923,0.41781824041135823,0.013775191817397905,0.8221898857271421,0.00998891879213221,0.5604513269492177,0.3,True,recall_with_precision_floor,0.3,0.636986301369863,0.40789473684210525,0.8095148184801292,val_recall,max_recall_with_precision_floor,0.7987935034802784,0.3497171145685997,0.7503793626707133,0.477086348287506,0.8653919995353139,0.7746243739565943,0.3,0.636986301369863,0.40789473684210525,0.8095148184801292,0.7738542449286251,0.31351351351351353,0.7116564417177914,0.4352720450281426,0.8287750021010168,0.024169129523684107,0.04971711456859973,0.11339306130085025,0.06919161144540076,0.05587718105518469,0.024939258551653354,0.03620360105508619,0.03872292095292185,0.04181430325936342,0.03661699743429703,validation_threshold,best_validation_threshold_candidate_cv_tiebreak,True,val_recall_then_val_f1_precision_floor_0.30
pc1,rf,2,saved_split,C:\Users\Dam Hieu\Desktop\CNDM - VIẾT BÁO + KLTN\prototype\data\processed\pc1_clean.parquet,C:\Users\Dam Hieu\Desktop\CNDM - VIẾT BÁO + KLTN\prototype\data\splits\pc1\manifest.json,42,776,110,223,722,54,102,8,208,15,5,"loc,v(g),ev(g),iv(g),branchCount",,,"{""max_depth"": 5, ""max_features"": ""sqrt"", ""min_samples_leaf"": 4, ""min_samples_split"": 8, ""n_estimators"": 200}",C:\Users\Dam Hieu\Desktop\CNDM - VIẾT BÁO + KLTN\prototype\models\metrics_tuned\pc1\rf_candidate2.joblib,5,0.1207422969187675,0.021327566276727807,0.29636363636363633,0.035255853508482406,0.1700617399909296,0.022715688100381284,0.6888621560431906,0.07217809075260959,0.6894148190714491,0.3,True,recall_with_precision_floor,1.0,0.25,0.4,0.7800245098039216,val_recall,max_recall_with_precision_floor,0.9471649484536082,0.76,0.35185185185185186,0.4810126582278481,0.9198471324510106,0.9454545454545454,1.0,0.25,0.4,0.7800245098039216,0.9192825112107623,0.2,0.06666666666666667,0.1,0.7147435897435898,0.0017104029990627767,-0.24,0.10185185185185186,0.08101265822784809,0.139822622647089,0.027882437242845892,0.56,0.2851851851851852,0.38101265822784813,0.20510354270742082,validation_threshold,best_validation_threshold_candidate_cv_tiebreak,True,val_recall_then_val_f1_precision_floor_0.30
pc1,xgb,2,saved_split,C:\Users\Dam Hieu\Desktop\CNDM - VIẾT BÁO + KLTN\prototype\data\processed\pc1_clean.parquet,C:\Users\Dam Hieu\Desktop\CNDM - VIẾT BÁO + KLTN\prototype\data\splits\pc1\manifest.json,42,776,110,223,722,54,102,8,208,15,5,"loc,v(g),ev(g),iv(g),branchCount",,,"{""colsample_bytree"": 0.75, ""learning_rate"": 0.04, ""max_depth"": 2, ""min_child_weight"": 6, ""n_estimators"": 150, ""reg_lambda"": 5.0, ""subsample"": 0.75}",C:\Users\Dam Hieu\Desktop\CNDM - VIẾT BÁO + KLTN\prototype\models\metrics_tuned\pc1\xgb_candidate2.joblib,5,0.14820708425214058,0.05159716884840331,0.5163636363636364,0.16286687764769958,0.22887344146529848,0.07768284822119577,0.7089055207244862,0.08050488679222753,0.7491284012794495,0.3,True,recall_with_precision_floor,0.6666666666666666,0.25,0.36363636363636365,0.7604166666666666,val_recall,max_recall_with_precision_floor,0.9368556701030928,0.6086956521739131,0.25925925925925924,0.36363636363636365,0.8722812147327383,0.9363636363636364,0.6666666666666666,0.25,0.36363636363636365,0.7604166666666666,0.9192825112107623,0.3333333333333333,0.2,0.25,0.7189102564102564,0.0004920337394563878,-0.05797101449275355,0.009259259259259245,0.0,0.11186454806607171,0.017573158892330465,0.27536231884057977,0.059259259259259234,0.11363636363636365,0.15337095832248193,validation_threshold,best_validation_threshold_candidate_cv_tiebreak,True,val_recall_then_val_f1_precision_floor_0.30
pc1,lgbm,1,saved_split,C:\Users\Dam Hieu\Desktop\CNDM - VIẾT BÁO + KLTN\prototype\data\processed\pc1_clean.parquet,C:\Users\Dam Hieu\Desktop\CNDM - VIẾT BÁO + KLTN\prototype\data\splits\pc1\manifest.json,42,776,110,223,722,54,102,8,208,15,5,"loc,v(g),ev(g),iv(g),branchCount",,,"{""colsample_bytree"": 0.8, ""learning_rate"": 0.05, ""max_depth"": 3, ""min_child_samples"": 20, ""n_estimators"": 120, ""num_leaves"": 7, ""reg_lambda"": 4.0, ""subsample"": 0.8}",C:\Users\Dam Hieu\Desktop\CNDM - VIẾT BÁO + KLTN\prototype\models\metrics_tuned\pc1\lgbm_candidate1.joblib,5,0.1321455382642653,0.02979066444489023,0.49818181818181817,0.11647721729488701,0.20806006661896864,0.04568852190711153,0.7051235632183908,0.08025409053615,0.8672812110210715,0.3,True,recall_with_precision_floor,1.0,0.125,0.2222222222222222,0.7518382352941176,val_recall,max_recall_with_precision_floor,0.9381443298969072,0.75,0.16666666666666666,0.2727272727272727,0.8912101159331076,0.9363636363636364,1.0,0.125,0.2222222222222222,0.7518382352941176,0.9192825112107623,0.2857142857142857,0.13333333333333333,0.18181818181818182,0.7801282051282051,0.0017806935332708163,-0.25,0.04166666666666666,0.0505050505050505,0.13937188063898998,0.018861818686144893,0.4642857142857143,0.033333333333333326,0.09090909090909088,0.11108191080490248,validation_threshold,best_validation_threshold_candidate_cv_tiebreak,True,val_recall_then_val_f1_precision_floor_0.30
qt,rf,3,jitline_native_split,C:\Users\Dam Hieu\Desktop\CNDM - VIẾT BÁO + KLTN\prototype\data\processed\qt_clean.parquet,C:\Users\Dam Hieu\Desktop\CNDM - VIẾT BÁO + KLTN\prototype\data\splits\qt\manifest.json,42,20819,2314,2571,19341,1478,2150,164,2388,183,22,"la,ld,nf,nd,ns,ent,nrev,rtime,hcmt,self,ndev,age,nuc,app,aexp,rexp,arexp,rrexp,asexp,rsexp,asawr,rsawr",,,"{""max_depth"": 10, ""max_features"": ""log2"", ""min_samples_leaf"": 6, ""min_samples_split"": 12, ""n_estimators"": 350}",C:\Users\Dam Hieu\Desktop\CNDM - VIẾT BÁO + KLTN\prototype\models\metrics_tuned\qt\rf_candidate3.joblib,5,0.2979944761105686,0.011790886238767033,0.5608749427393496,0.01873878225653372,0.38904511044609025,0.012267258806944894,0.8349612817761336,0.011038535124022133,0.619177128353879,0.3,True,recall_with_precision_floor,0.3073394495412844,0.40853658536585363,0.3507853403141361,0.8139988655700511,val_recall,max_recall_with_precision_floor,0.9271338681012536,0.49013657056145676,0.6556156968876861,0.5609261939218524,0.9477040822573346,0.8928262748487468,0.3073394495412844,0.40853658536585363,0.3507853403141361,0.8139988655700511,0.8953714507973551,0.2912621359223301,0.32786885245901637,0.30848329048843187,0.7924572772789267,0.034307593252506874,0.18279712102017237,0.24707911152183243,0.21014085360771628,0.13370521668728352,0.031762417303898505,0.19887443463912668,0.3277468444286697,0.2524429034334205,0.15524680497840793,validation_threshold,best_validation_threshold_candidate_cv_tiebreak,True,val_recall_then_val_f1_precision_floor_0.30
qt,xgb,1,jitline_native_split,C:\Users\Dam Hieu\Desktop\CNDM - VIẾT BÁO + KLTN\prototype\data\processed\qt_clean.parquet,C:\Users\Dam Hieu\Desktop\CNDM - VIẾT BÁO + KLTN\prototype\data\splits\qt\manifest.json,42,20819,2314,2571,19341,1478,2150,164,2388,183,22,"la,ld,nf,nd,ns,ent,nrev,rtime,hcmt,self,ndev,age,nuc,app,aexp,rexp,arexp,rrexp,asexp,rsexp,asawr,rsawr",,,"{""colsample_bytree"": 0.8, ""learning_rate"": 0.05, ""max_depth"": 2, ""min_child_weight"": 3, ""n_estimators"": 200, ""reg_lambda"": 2.0, ""subsample"": 0.8}",C:\Users\Dam Hieu\Desktop\CNDM - VIẾT BÁO + KLTN\prototype\models\metrics_tuned\qt\xgb_candidate1.joblib,5,0.20348805408833467,0.0036498505376806466,0.7448992212551534,0.018353223280792898,0.3196120772278399,0.005072968210794716,0.8406942735368649,0.00825018341483512,0.7250896692276001,0.3,True,recall_with_precision_floor,0.3008130081300813,0.45121951219512196,0.36097560975609755,0.8090243902439024,val_recall,max_recall_with_precision_floor,0.8964887842835871,0.34606639381537063,0.5148849797023004,0.4139243948871362,0.8604182194373623,0.8867761452031115,0.3008130081300813,0.45121951219512196,0.36097560975609755,0.8090243902439024,0.8883702839362115,0.2719298245614035,0.33879781420765026,0.30170316301703165,0.7937970819489066,0.009712639080475594,0.045253385685289305,0.06366546750717844,0.05294878513103868,0.05139382919345992,0.008118500347375601,0.07413656925396711,0.17608716549465014,0.11222123187010458,0.06662113748845566,validation_threshold,best_validation_threshold_candidate_cv_tiebreak,True,val_recall_then_val_f1_precision_floor_0.30
qt,lgbm,3,jitline_native_split,C:\Users\Dam Hieu\Desktop\CNDM - VIẾT BÁO + KLTN\prototype\data\processed\qt_clean.parquet,C:\Users\Dam Hieu\Desktop\CNDM - VIẾT BÁO + KLTN\prototype\data\splits\qt\manifest.json,42,20819,2314,2571,19341,1478,2150,164,2388,183,22,"la,ld,nf,nd,ns,ent,nrev,rtime,hcmt,self,ndev,age,nuc,app,aexp,rexp,arexp,rrexp,asexp,rsexp,asawr,rsawr",,,"{""colsample_bytree"": 0.75, ""learning_rate"": 0.03, ""max_depth"": 5, ""min_child_samples"": 30, ""n_estimators"": 300, ""num_leaves"": 15, ""reg_lambda"": 4.0, ""subsample"": 0.75}",C:\Users\Dam Hieu\Desktop\CNDM - VIẾT BÁO + KLTN\prototype\models\metrics_tuned\qt\lgbm_candidate3.joblib,5,0.22437661471617196,0.007884937144507538,0.7090609253321117,0.010173167407528627,0.34078047417560525,0.008865251204130519,0.8404684729939701,0.005987301283443072,0.7404095824557863,0.3,True,recall_with_precision_floor,0.3080357142857143,0.42073170731707316,0.3556701030927835,0.8221213840045378,val_recall,max_recall_with_precision_floor,0.9144531437629089,0.4225855901890649,0.5595399188092016,0.4815138282387191,0.9113943126981259,0.891961970613656,0.3080357142857143,0.42073170731707316,0.3556701030927835,0.8221213840045378,0.897705173084403,0.3058252427184466,0.3442622950819672,0.32390745501285345,0.8030361278157637,0.022491173149252863,0.11454987590335058,0.13880821149212846,0.12584372514593556,0.08927292869358805,0.016747970678505864,0.11676034747061831,0.2152776237272344,0.15760637322586563,0.10835818488236215,validation_threshold,best_validation_threshold_candidate_cv_tiebreak,True,val_recall_then_val_f1_precision_floor_0.30
